file_name,category
0041VquOndPSpav.jpg,wood
01rw81Qbopmz7L5.jpg,fish net
029lUJ9fMYuUOg6.jpg,fish net
03XsaQsHxJnBfXE.jpg,fish net
07KbL9w5211UA8i.jpg,tire
07fgwfqkGXFDPJ3.jpg,spring fish trap
0CnRNcVbZ6rGzRW.jpg,spring fish trap
0Dqa96HuVWYYH62.jpg,tire
0HVYr0YG7p86ul9.jpg,bundle of ropes
0InMuniC1gAmdwi.jpg,tire
0IrFAr2zhnHPdQx.jpg,circular fish trap
0KlYbmr2Gc9jyn4.jpg,tire
0NGzPk9IuwmPJqU.jpg,spring fish trap
0O6KfhAmPmXYk6p.jpg,wood
0PAI8jxrbbe1sSN.jpg,tire
0Qk6LAuMepploAz.jpg,eel fish trap
0RNmYx47yiN9QPl.jpg,tire
0SekDDl8B9w5kru.jpg,rectangular fish trap
0VAW08BORRoaJuo.jpg,spring fish trap
0VIXWbGqslz8d46.jpg,wood
0VmiBjcJgbyUYuy.jpg,rope
0WOqI9e0koR9YQ4.jpg,circular fish trap
0YReCRjcOZaefta.jpg,rectangular fish trap
0YpGJlcsKDR6nGj.jpg,fish net
0Z0K7fr5SDl4Ln9.jpg,wood
0bNc6cn0PkO9Opw.jpg,rope
0dTTU7OYj4lKZtA.jpg,tire
0kyHQufpuZ1ioz3.jpg,wood
0mtMcUsyzb79sQ2.jpg,eel fish trap
0oa4YwHUCcNJVHR.jpg,circular fish trap
0q2s11uOMbEbqkk.jpg,circular fish trap
11X6uFe65yb8KLI.jpg,rope
12D0HOkZJ2jAfYB.jpg,wood
12ExFF7j8h9cuy4.jpg,fish net
162gK4OEHPTbIEw.jpg,spring fish trap
176kX0SFsz3BFGb.jpg,fish net
18EY7PbM5gbtpWv.jpg,tire
18wDBeFub4XYoQr.jpg,wood
1APAizkLCRImWdf.jpg,circular fish trap
1BgJiDzHYmkMAOb.jpg,wood
1GICoyxi2t1NqzN.jpg,wood
1I2ACTqvkl5jDph.jpg,bundle of ropes
1IClmLu8lvWGMt4.jpg,fish net
1LDWGgq8wGZzGBA.jpg,wood
1LMK2zOnygokhzf.jpg,tire
1MAqdq8i4QzETsf.jpg,circular fish trap
1P3gJ4Rsif09tEL.jpg,spring fish trap
1R5AkWwzhjRncwI.jpg,wood
1RIrXG3OoqmNmhT.jpg,tire
1RJGUkYts1cW7vO.jpg,tire
1W1NKo9TQ6ZvK6p.jpg,circular fish trap
1WhEq7zFnBLPM4G.jpg,tire
1YXzVaHb2odE8y1.jpg,tire
1ap10r7ZWCIQaz3.jpg,spring fish trap
1fL8ZiuFz1uBMZK.jpg,spring fish trap
1fS8NbnOVajjWKG.jpg,eel fish trap
1gwH9YcXhRAm4M2.jpg,spring fish trap
1jYGn7DkfMAFGAB.jpg,circular fish trap
1jtiTRrhszfod4L.jpg,tire
1kjPXtV4J6UtnOR.jpg,tire
1knXiG13MBbtns1.jpg,tire
1ky1jJtqoWefoV6.jpg,wood
1m1OJs6pGeINh4m.jpg,tire
1pXmnVObuYmP3fo.jpg,circular fish trap
1vSJcajIYq8tMYy.jpg,fish net
1x3GCLef4HppCsB.jpg,rectangular fish trap
1yCN20tXpEkRbpe.jpg,circular fish trap
1yTvsF6u2v9g4Rc.jpg,bundle of ropes
1zIJLMREEBarATJ.jpg,spring fish trap
1zTlDmlVndAePOm.jpg,wood
1zTrBttRiHVnOH6.jpg,wood
1zdqGzYKfGhDc6t.jpg,tire
20QPAKefCJnkjyH.jpg,rectangular fish trap
23EM3XuvVyDQ8YF.jpg,tire
26o54cyoQ3kFbWK.jpg,tire
29iBRRv0vh0NMtA.jpg,bundle of ropes
29r8NsgQXNyPy3t.jpg,wood
2APj3Y752dvWmwB.jpg,bundle of ropes
2Bpy7VFioWZD2mP.jpg,spring fish trap
2C9xVUyPgFW669V.jpg,circular fish trap
2EdeE7V020pGggQ.jpg,fish net
2F6AGf7scpIvpiE.jpg,rope
2IDFvFfp2vwa1BW.jpg,tire
2Ia0tYMeUjTAo1U.jpg,bundle of ropes
2IjKoEx1PhnjWmy.jpg,tire
2KhZCTviyiL96Ql.jpg,spring fish trap
2L8RBxxYkuRZ3SV.jpg,tire
2LKTasggMbaSpid.jpg,wood
2Lz70fGaGlOJ1dk.jpg,tire
2MXx2K0sh0qogoQ.jpg,tire
2MoP7KupicnJGOZ.jpg,bundle of ropes
2MrLUhb11C9fCwJ.jpg,rope
2O7XoAJgrpPa1lp.jpg,tire
2OnvJGHeTpPyBrB.jpg,wood
2PsOtyYfMmTxyvv.jpg,tire
2SatL4Lwmyc95xj.jpg,wood
2bQcCegyZal1mJr.jpg,rope
2ct0Oxnr407Z0fn.jpg,bundle of ropes
2d485IRIUdeXDWc.jpg,rectangular fish trap
2dKmGcALJZqTzr1.jpg,eel fish trap
2fUCzzPNuiWDpSk.jpg,bundle of ropes
2iDr4adgdmZeyAC.jpg,circular fish trap
2iTUktkCh1K5YLf.jpg,wood
2lR5U0YB0mtBlZp.jpg,wood
2mADPLlFNJliUtK.jpg,bundle of ropes
2mqdSRgG2n68Hpd.jpg,tire
2qUX2zVbEtEGBif.jpg,wood
2rnYRdVu9AUdiVz.jpg,tire
2sXM8or6SwzBLc1.jpg,circular fish trap
2tRzRlrDacRsWIm.jpg,bundle of ropes
2tSI5SlOySfRib6.jpg,bundle of ropes
2tgiQ2L7Mnu7Lac.jpg,spring fish trap
2tl2jT1l4S0zgPf.jpg,fish net
2uCHN6hZMx9CdHz.jpg,wood
2v3BW6ePcn1SlOB.jpg,wood
2wjAA7ilFT5MXcy.jpg,wood
2y1bqIjHh3JRtho.jpg,rectangular fish trap
31Khm6DJZ4SS6Gj.jpg,circular fish trap
33w4Emlxl8vBHwk.jpg,circular fish trap
34FW3t7TyEB1hEV.jpg,tire
38Yk5VfeFfC3CPD.jpg,wood
38g2Sw7EG3C5Bxa.jpg,bundle of ropes
39icrH0D8AsSCsS.jpg,fish net
3B6x69u5e1EXwyP.jpg,circular fish trap
3HUJqNq4qDNAt1M.jpg,fish net
3Hd0CNWNNtIFlAr.jpg,tire
3ICfSChlRe5gvFi.jpg,eel fish trap
3JrdVaqnmVOTwGu.jpg,tire
3Lfg0PD9RUbSaUG.jpg,rectangular fish trap
3Mz3v4gd6TLs2aK.jpg,tire
3OLa8gOSNLCKCRG.jpg,tire
3PL6WB6SbXgTzJb.jpg,eel fish trap
3S5v6XoOnUtuOCn.jpg,wood
3TiRUDCiiBQI3d9.jpg,tire
3UNk9Tfrcqk8vCG.jpg,fish net
3UkCRxsd9jwDCwA.jpg,tire
3XeZywVpYUVau0U.jpg,fish net
3ZtAdKnPZZeKguf.jpg,tire
3aOMlgTryYKi4jg.jpg,rectangular fish trap
3fAqvCSpXCSrikt.jpg,wood
3fNQVjfdnBpfvhv.jpg,fish net
3kqViCibatysGhz.jpg,circular fish trap
3mYGgRCFILv8Dpd.jpg,eel fish trap
3o8scsGjBfJpjG7.jpg,spring fish trap
3rpteWNWNBt52XI.jpg,tire
3tvXtwvtLI9ASg7.jpg,tire
3uMModke8g1J3ab.jpg,wood
3vbk7roktTJQwyS.jpg,wood
3xJY3wadQxh6CUg.jpg,tire
3xehZKfPrAIPZxF.jpg,wood
3zwAaP1kRmAjA0P.jpg,spring fish trap
40RjsIqh8JFEqlE.jpg,tire
40eLTS9WQ15xiZd.jpg,tire
41aZACnnXwHzScJ.jpg,bundle of ropes
42xOU8J6HLz8WEa.jpg,wood
4738yvEII9r1fuw.jpg,tire
47toW6MKrK1atCX.jpg,circular fish trap
49AGlZLnyPiqurV.jpg,fish net
4ELjrCBrdm1akUK.jpg,wood
4FjERhXiCnqwiec.jpg,fish net
4Fp0x63H58Ner25.jpg,wood
4G60kmxzlwALTpo.jpg,eel fish trap
4GUiqs2kGz2DH0O.jpg,wood
4H7lR8B2vo1ZR5c.jpg,eel fish trap
4JLddGQYrIKbL6b.jpg,spring fish trap
4JSSIfy5xkUVydc.jpg,bundle of ropes
4KvVaNuHXBDkheO.jpg,tire
4LBVUUzLxZKVP7x.jpg,tire
4MHa6OEs2pVdYko.jpg,tire
4NGDWtXqmlE8Gqk.jpg,wood
4NUTS5VK4mH3RSC.jpg,eel fish trap
4P4egN9NjLVKVbb.jpg,wood
4R4oHM4mX300hgw.jpg,tire
4SwSBxrwI500b4c.jpg,bundle of ropes
4UjIbTK1H6U8Vdx.jpg,tire
4VSHUIQNt69IQTq.jpg,wood
4VVf87lj8UGLVxC.jpg,wood
4VpSnE3dsZYQg7s.jpg,bundle of ropes
4anMaRGexb4W8gR.jpg,wood
4g6rdGuvdPca51R.jpg,spring fish trap
4iWnE1pmIU60q1d.jpg,tire
4l1QTwzhYYBr5ME.jpg,bundle of ropes
4od5Z2YeLoqS4cu.jpg,wood
4pFgx4AXNiuO7bk.jpg,tire
4rFRcRk1kvhRikN.jpg,wood
4s8oRWf2217nOQF.jpg,spring fish trap
4ul3Daxr5QsfHeW.jpg,tire
4v38j9DVcQIHEVO.jpg,spring fish trap
4vnUcjGphBrbGRn.jpg,tire
4yxm1n2tt4euPl3.jpg,rope
4zDsyab6IhzhY4l.jpg,fish net
50ZCsZy7wa0m9Jn.jpg,wood
50wRlyNuGp5o59V.jpg,circular fish trap
51SUG10OmPKJ37A.jpg,wood
51uV3av9HwwHaZt.jpg,tire
52NQGbbdwykeCKL.jpg,wood
54HOOLS8JR3ieqB.jpg,fish net
56L3Ryglw28trJh.jpg,circular fish trap
58bpTic5psaHWjq.jpg,fish net
58jdvAxNyFMap8K.jpg,bundle of ropes
5AOmqBkNsyJmz98.jpg,circular fish trap
5AZ7Zmp5ty5LPlA.jpg,wood
5BcqIaKDSspVAXf.jpg,fish net
5Cm2w9qSao6CGMA.jpg,spring fish trap
5DIQvdMJlRNTADQ.jpg,rope
5HEIUv63wthKFHI.jpg,circular fish trap
5M3KnfIauaeTUls.jpg,eel fish trap
5O8o3TJAQPJJScY.jpg,spring fish trap
5PqK4WGXR9WOrVB.jpg,wood
5VJ2MozC9vtqWFF.jpg,fish net
5WEwQA1oXGu83u0.jpg,spring fish trap
5ZzFFHGQyKaR9Ih.jpg,tire
5dA2n7z1iNI5b6g.jpg,fish net
5dYbR0q3JfKiY6Z.jpg,fish net
5eONOb4O0XKqhSZ.jpg,bundle of ropes
5iDCd73r2uOUeeT.jpg,wood
5j4P2YNa51bxg2q.jpg,spring fish trap
5offzcLIVt8uimy.jpg,tire
5pJ926K0jYrAz6A.jpg,circular fish trap
5qaChufAltFbAiC.jpg,circular fish trap
5qv7LCO5vt1WGfv.jpg,tire
5ulA58Eaad34eVI.jpg,spring fish trap
5vhXNPZPesx9GtW.jpg,tire
5wZVDQ9pvw4QAng.jpg,fish net
60MqoxVIJ9ELAtY.jpg,fish net
60c5fnlDk92q1ar.jpg,circular fish trap
61Yu5ZzBnbkHO9j.jpg,wood
61hr2E28HLgk0le.jpg,tire
62PuMTV8DebXEm0.jpg,wood
63FOJgZOlXOz690.jpg,wood
64pfBI2MQMD28Lv.jpg,circular fish trap
6AjXtR682VF5L3a.jpg,spring fish trap
6DTvnAJ35zuYH06.jpg,tire
6E8drDwJtXIx5LY.jpg,rope
6ERlcxK5bznPqe0.jpg,tire
6FKH16SzLA1xkpM.jpg,rope
6HDb3PXnkRL9Dul.jpg,eel fish trap
6HXO9uQbNQUGx0O.jpg,rope
6HzMipTCizxBc5n.jpg,circular fish trap
6J6rIsHI5Q9HEw0.jpg,tire
6K1DFxoNbmp1Peb.jpg,wood
6LvghTM14UhIAWV.jpg,fish net
6MFK43mgBRApVfI.jpg,eel fish trap
6NaHKcENPDHfikP.jpg,eel fish trap
6Qin4S33uGnbVeB.jpg,eel fish trap
6RQwFIhNn2xePYw.jpg,tire
6RaVFRNDP2Pjz7P.jpg,wood
6ScNmn5izmyicSd.jpg,wood
6UNslIJtBSRWml4.jpg,bundle of ropes
6WDrWsbyIWVyzmk.jpg,wood
6WWht12vh3jqZqW.jpg,tire
6ZUD6L7GDaJvcI1.jpg,circular fish trap
6c39wpugm79ZVAn.jpg,wood
6co5VM3nEUFcOKZ.jpg,spring fish trap
6eHB4mUP5WQ16Jr.jpg,tire
6hBFKJ1tHSJF6Fm.jpg,bundle of ropes
6jgHXNAcuCFpcHD.jpg,rope
6vyWpEyaryrl4tx.jpg,tire
6x4HGhck0QKmc0m.jpg,fish net
6ymaSNMGdJOrWUp.jpg,wood
72A9fiQLUwWIfb7.jpg,wood
735v9sJamsK1jXf.jpg,spring fish trap
736cR9M9lgCQxUN.jpg,tire
77FWt9O1GWcXppL.jpg,tire
77gD1P24B93KCiZ.jpg,fish net
79eEc6uAJrDfR3N.jpg,spring fish trap
7EVp4MFWHdoOp39.jpg,wood
7HKFVLaodMzcxx6.jpg,tire
7Hfc7eRORGXxLWQ.jpg,circular fish trap
7IqyHL63oGGt2oP.jpg,wood
7LId7v3F7AR9sRN.jpg,fish net
7NI6pV43hG764PW.jpg,tire
7OFYeVBHhIGt8MZ.jpg,tire
7ObVqbswAybmSYv.jpg,tire
7RHp2BwMXYvIjpc.jpg,rectangular fish trap
7Uq8FKdeFhTgBaV.jpg,bundle of ropes
7XkGRjWpu0IcTOM.jpg,circular fish trap
7YXdrdParKZm7be.jpg,fish net
7bDAqMwVmBJB1Oj.jpg,spring fish trap
7cRX2Gbp6T1EP3b.jpg,circular fish trap
7cyp7xO034wVKDC.jpg,bundle of ropes
7hD8oiFCCdNCK4w.jpg,spring fish trap
7hXQO5m9L6m9pZb.jpg,tire
7i1q7USsj7xhCbb.jpg,spring fish trap
7insikE7ismXk6L.jpg,bundle of ropes
7j8bUTarBPQZBqA.jpg,spring fish trap
7kPvRiGZTuKSFE6.jpg,tire
7lpOe4lNcSj0jKM.jpg,tire
7ltdeGhDqNpBTlE.jpg,tire
7nPMfSlRyWDNfy8.jpg,tire
7rTOQsto6PlQ555.jpg,rope
7s1d5GY7QsaUcbg.jpg,tire
7sgPGSTYtqVD3Sg.jpg,wood
7tySr0GaAmxgJzm.jpg,wood
7zeyuFYprryZPAV.jpg,bundle of ropes
80Czq5Ar7O65Zu9.jpg,wood
837khJNp8mjAnmM.jpg,rope
83EYlt8YV0RmrZQ.jpg,wood
83HbRtg1x6YarcG.jpg,tire
85VNPgdqCy7195e.jpg,tire
85gp8qomJgT1vQH.jpg,wood
860hCMZfLshv4Ot.jpg,eel fish trap
86PckNxXhtON2AF.jpg,wood
8AtoFVSlMAjROz2.jpg,spring fish trap
8AxBWUfq3wLcRP5.jpg,tire
8BiScpzefLkhSOw.jpg,tire
8EBBgw9VyNdVf8N.jpg,wood
8FxBqm2QpCJ0kWd.jpg,wood
8KdDOEacbFyW88R.jpg,fish net
8OeQmT3FJvdEOGF.jpg,spring fish trap
8SEc1OASoBl9rIQ.jpg,spring fish trap
8SpOXCPGQfKNP4j.jpg,rectangular fish trap
8VqB8mTyCgxakoi.jpg,circular fish trap
8Wpe4Gh4gri9V4r.jpg,tire
8XoS59zV8jjxqHk.jpg,wood
8YZBY1eTZWAGdIZ.jpg,spring fish trap
8cWrHqI4h54A9um.jpg,rope
8d3XghuSqce2FMk.jpg,rectangular fish trap
8fGhwQBlNESlG9R.jpg,wood
8gliLo2MfFAEAS1.jpg,fish net
8hQl6UcDbkNNIXa.jpg,wood
8iqe9mTE7tyQJ2G.jpg,wood
8isKsEmEoO6QzjJ.jpg,wood
8jjzj3UDxVAQumk.jpg,tire
8kgyW0WLV3ONF6s.jpg,eel fish trap
8liMf6ftdPYQwbe.jpg,circular fish trap
8mRfR8PGxwXTvrR.jpg,bundle of ropes
8oBmd4RBC41jaxO.jpg,circular fish trap
8oIIp00HLvbf7E6.jpg,spring fish trap
8qVvDBkQm7UWWRD.jpg,tire
8qdOBG6bUTfYIzv.jpg,fish net
8qkiuOgg8VZ4vSt.jpg,wood
8rFuuY7fbQTHjV1.jpg,bundle of ropes
8s0S8f4bA5cTacP.jpg,fish net
8uNwB0MfJjJTV4o.jpg,tire
8usoZPm2T5DoE04.jpg,wood
8vrOZf8wvmglhss.jpg,tire
8x1jZaKJa9y3rYu.jpg,spring fish trap
8xTYgiRLVoARmCM.jpg,tire
8xefHzOUJDpIfA8.jpg,tire
8zDC6feNIXfEOlJ.jpg,eel fish trap
91AF415iU12rA2w.jpg,spring fish trap
91fxfpojSN6RBAv.jpg,tire
95fixF0KPA7jJaX.jpg,circular fish trap
96vBdQymgtND9gj.jpg,tire
97v5rXT5hW6hNdm.jpg,wood
98xVk5d23kpcJer.jpg,bundle of ropes
9B4RP7AyhYLPvcE.jpg,spring fish trap
9Bjuk6cN8UB7Z2h.jpg,bundle of ropes
9CiYuIAZ5lrVy5W.jpg,wood
9ElE0ilj7m0UEHg.jpg,tire
9FGYIV2H4b5qOjh.jpg,tire
9GT8cyyY1KxjSq7.jpg,wood
9GV1DBIhmdE2P5S.jpg,wood
9HMe1zeSAf4QkRx.jpg,rope
9Hz1sPLMDtLCF9R.jpg,wood
9Jo4bhI6AxdSreG.jpg,wood
9L4r10rdZc0crHO.jpg,wood
9N6AmmMM1TsHH1l.jpg,tire
9NQIYJAUaV7tWsn.jpg,tire
9QAXiClYInBjjPG.jpg,eel fish trap
9QDDtGP7HURVtTJ.jpg,wood
9QrfpYG1kimoyFJ.jpg,wood
9V34lDvntzwbrSx.jpg,tire
9XuJJItv6xlPa0a.jpg,tire
9biqg2tw0APgdSS.jpg,eel fish trap
9d08HI3qbdAjnQd.jpg,spring fish trap
9dMsE7PCieogfCQ.jpg,spring fish trap
9fjEbA5DNY1Sfez.jpg,fish net
9h3yQqxeJDwLMTX.jpg,tire
9h4HJ782KCjevok.jpg,spring fish trap
9hvmOpwpbbjvU0q.jpg,spring fish trap
9igvD3JbstCQ9Bg.jpg,tire
9kjqxL1an6UuqIK.jpg,circular fish trap
9lkQuv2lB5LaRlz.jpg,circular fish trap
9nlBMcc7X3Qy9QT.jpg,tire
9tC10w67siGbLb3.jpg,tire
9tPEsZ7hFkyVEMl.jpg,wood
9uQn5bvUudMh2aT.jpg,tire
9uqQ5zsEuQDR2UK.jpg,circular fish trap
9z100OZ7UVyecfx.jpg,circular fish trap
9zHDpW22h02JQto.jpg,tire
9zWeXd814rIKkNz.jpg,tire
9zY2ivCqoCxMyhK.jpg,tire
A3zgUvSszKIuYhs.jpg,tire
A61BCfEuMLzRGuG.jpg,wood
A646WHc3EhTN2I1.jpg,wood
A8V7Q2RjdEnkzv8.jpg,fish net
AA4twCQWRtYhHL2.jpg,fish net
AAH9vmdQAKYp0Z6.jpg,wood
AB4y3JeEF2mZwTT.jpg,bundle of ropes
ACuITBOOeUpTRtc.jpg,wood
ADweEkQIf9JeYlJ.jpg,wood
AF2KHlpoGw6aIt8.jpg,wood
AFWVvMOv0pvR4iT.jpg,eel fish trap
AGXfrr0a2cfv3py.jpg,tire
AHwCZsU4grBTSbC.jpg,fish net
AJZStSt38CAIDsm.jpg,circular fish trap
ALRXylmWegPIFuD.jpg,other objects
ALpNYNvw1evmuJc.jpg,rope
AMFGd9PKaUcVSI1.jpg,wood
AOFun3B79PJqUj1.jpg,tire
AOLiudcLGZI9RV0.jpg,rectangular fish trap
AON167ePiizir1V.jpg,bundle of ropes
AOScjUoMnNf0LiV.jpg,tire
AOf1zixy9aR33XC.jpg,fish net
APklStf3HTPVO2d.jpg,wood
AS6gJsEFOs7WlBe.jpg,wood
AT9qoNE6Vp73hYr.jpg,spring fish trap
ATdTwzsRxj2RVUH.jpg,circular fish trap
AW2M9x5aMv8Y3An.jpg,wood
AXT4gD3BVRZDriz.jpg,tire
AYiAidnGZ1OpRDU.jpg,tire
AaJlZoL4vPRqQ5H.jpg,wood
AenkPbgKO8fQONZ.jpg,wood
Aep56nz6liYeszf.jpg,spring fish trap
AfGRum93LSh4Srj.jpg,fish net
AfVOYQXHAB28u47.jpg,circular fish trap
AiphkQtM0KE47r8.jpg,wood
AjKYt2EIwydR3yN.jpg,wood
AjxGVp1mMZXixkb.jpg,circular fish trap
AkQeiiQz4g7rgdB.jpg,tire
AmnSRRZ6oSpFnO8.jpg,tire
AoHZiJZY6YsgiZ2.jpg,wood
Aqe2xSHqhmGEv1S.jpg,rope
AshRrHfXBQjPWGY.jpg,tire
At2LvTwxeWpSaxh.jpg,wood
AuHo0DLRrnhpsvF.jpg,rope
AvxmxnYm8Re2Yht.jpg,tire
AwekhMrNJkS5oE4.jpg,bundle of ropes
AxtSXpvMg6vWULY.jpg,rope
B1FEVUHRocbjMXJ.jpg,wood
B57YJXJpUD586Gy.jpg,wood
B7F72BkEAEOq97y.jpg,wood
B7Z4nxV2LccKHBy.jpg,rope
B9RM3wBE9BpZrXS.jpg,fish net
BAbx1yEcsn5P9al.jpg,wood
BAsmLV7Nm4O1Jvc.jpg,fish net
BFMYnNrO1GtDapl.jpg,tire
BGWqR2lsmCrABkN.jpg,fish net
BH2o9oji2NQR4Ib.jpg,fish net
BH6UHK2kqbozRaA.jpg,circular fish trap
BJMX2cPwM6sU0CH.jpg,spring fish trap
BJfOJ8XOdWHMBfF.jpg,bundle of ropes
BK1co1KySK1j5LI.jpg,wood
BNcMBrawfbQarV6.jpg,wood
BQsnj2RIUq6dFT4.jpg,spring fish trap
BSo7BBsxhdePlqz.jpg,spring fish trap
BSrAGYtsuZ6rqD6.jpg,tire
BVCMIUCzJAGEXl7.jpg,tire
BVIpRU0Xc3amxN0.jpg,bundle of ropes
BVks3AKF6rPWGkP.jpg,spring fish trap
BWlFXtsXnalRCmb.jpg,wood
BZF71avE1JYgrPg.jpg,tire
BbpMd6PZAHW90NX.jpg,wood
Bcn9ihH7QXgKOlY.jpg,tire
BddYbCFhp3m9ksb.jpg,spring fish trap
BdnQZj86bu1pIcT.jpg,rope
BdupK3TZo6MAKlX.jpg,wood
BdwkjSff8HL45PC.jpg,wood
BfGBGeStV6k82EG.jpg,tire
BfVS2pYw8LDqj12.jpg,fish net
Bi3FDbrUBcAXuRt.jpg,fish net
BlLEDrbziBbD1N0.jpg,rope
BmCNkvIFlpXEoha.jpg,eel fish trap
BmEHJb43VKUsz0e.jpg,tire
BmqNXc7nKsZsgf0.jpg,bundle of ropes
BnkFbKtOYRLqge6.jpg,wood
BofCGJEyU0Nbzoj.jpg,wood
BqQuGemFKJIMpYb.jpg,wood
BuRQ7gIjfqltE4w.jpg,circular fish trap
BzzdqyUqhFVEnhd.jpg,tire
C0gzGvMdB6GUzoE.jpg,fish net
C2USZh5oO5SQAqc.jpg,tire
C4Pm0TnOvN832ba.jpg,eel fish trap
C8P2GT6w5Xwvkgd.jpg,spring fish trap
CBdzXFH1GyxVk6a.jpg,wood
CC0NzsuPAT3Eaig.jpg,wood
CC1AyofWkn6zlYF.jpg,fish net
CC6dLsKDWAlAy8H.jpg,tire
CEVk62aCrWsUIWv.jpg,tire
CFcmdjBD3NHkRlX.jpg,wood
CH7zftsRTTNtl91.jpg,spring fish trap
CI9IMvzl2Dq9FvC.jpg,spring fish trap
CMZy12jmlgvlhDn.jpg,circular fish trap
CNRhLsbdMDdgaxT.jpg,spring fish trap
CNTNYEpThFdaboV.jpg,wood
CPqcBdHvtPNxv6Z.jpg,circular fish trap
CShM57JCqOAKAnl.jpg,spring fish trap
CTKJZMQGzUjnVWQ.jpg,tire
Cb3hJ6SyZt4LMvl.jpg,tire
CeKCxR0s1m5hY9d.jpg,bundle of ropes
CgkvuXHACQC6uhP.jpg,bundle of ropes
CqfNjqWQylEJPqS.jpg,wood
CtpKbKujqSSqRL5.jpg,wood
CwCElZYI7cyi1FK.jpg,wood
Cxn9NelorgavTQv.jpg,circular fish trap
Cz7ZjYFiMUNnwE2.jpg,tire
CzlTEy4Qk2my74J.jpg,fish net
CzzwzjTiJkU5d64.jpg,rectangular fish trap
D3Oy3K12l0VmUY2.jpg,wood
D7L3Mm5TREJ9NqY.jpg,tire
D8TtfUie3FX13oo.jpg,tire
DAiCHQM39ZxeNhS.jpg,bundle of ropes
DDNcFd6s3mS8q77.jpg,eel fish trap
DEtIlEHOrhvmDvw.jpg,tire
DGvm8th7iJLKuaT.jpg,wood
DIj5RQhpvwrEjBp.jpg,tire
DKvVkRly9EJStPo.jpg,circular fish trap
DM76FhEqsA5PWDq.jpg,spring fish trap
DMf9jL5IYKIfLVl.jpg,circular fish trap
DOzIPj7ghIbw1hv.jpg,wood
DPFFAXum8hwfAf9.jpg,tire
DRLbC8o5zpNhUdj.jpg,eel fish trap
DRXwu7jxSGpoXVm.jpg,tire
DTsbNWJZOH1s04k.jpg,tire
DWX9R5pK9JGBjKr.jpg,circular fish trap
DXgsi0q8TkLWDhW.jpg,tire
DZ12TC55qIuVIAE.jpg,fish net
DawWpMILK1k3qgZ.jpg,wood
DcMZ2tlzsHLTKvW.jpg,wood
DeQh7k4CY6fsZ4z.jpg,tire
DermjUtIETKVrpS.jpg,circular fish trap
Dj0CwP429W16XdT.jpg,spring fish trap
DjLq6xrrW9j6uNq.jpg,spring fish trap
Dl0YQ8g0DNzCKiw.jpg,circular fish trap
Dlyr1cHgSG768SK.jpg,rectangular fish trap
DnR5eChu8KAn5nE.jpg,tire
DnlhdwMQ6yPAwEC.jpg,fish net
Do9sSMl8116izbg.jpg,wood
DpKCqC4Iki3CozV.jpg,tire
Dq6STihDOWFKrAi.jpg,tire
DrUE01XY625MBbp.jpg,rope
DtcmmZZNGlRPDGb.jpg,fish net
DthVyXSaaFOOwqw.jpg,circular fish trap
DvSUIRx3auP7FVH.jpg,spring fish trap
E2fr8JOWE9HkGJy.jpg,rope
E6CIgcTV9B3Necz.jpg,circular fish trap
EBApD1XGhD9Bkze.jpg,wood
EBMZiC1HzYZp2nJ.jpg,tire
EBmGxhT4y2Kf9MB.jpg,tire
EC8yWCtc2cpZ2LN.jpg,tire
EDfXhFdVsej3aHh.jpg,bundle of ropes
EDozCB9pZUoSd2H.jpg,tire
EE348lGjzM7kv17.jpg,eel fish trap
EEmiQJ1haYAJ6yr.jpg,spring fish trap
EHGvIy7UlVD1utP.jpg,spring fish trap
EHlzgepc8hi9eCs.jpg,tire
ELCVFm2YmSkFn3l.jpg,wood
EMW5CncM4L2b11H.jpg,bundle of ropes
EOGiSQ7m7Jtkkzg.jpg,bundle of ropes
EObKKv1WqgIlxCp.jpg,wood
EOhHEZr8tJuIDfN.jpg,wood
ER8mt53OIZhheKb.jpg,tire
ESUuTgPgGDclpZ6.jpg,bundle of ropes
ET2zRr6QC0pjW2B.jpg,circular fish trap
EVhLByS4lBEBEqR.jpg,fish net
EX6ttDshmT5hsXw.jpg,tire
EdqvGBDfS7NZ0tn.jpg,spring fish trap
EfhyHEfCZbsM3q3.jpg,wood
Efo71VhWiaPYuY8.jpg,tire
Ek12cY4tgsp4Qc2.jpg,fish net
Ekx5jDwx5oNq0ll.jpg,tire
El79Q0X9521F6J7.jpg,bundle of ropes
ElYaeor3GF61ksj.jpg,circular fish trap
EnbCaXSApMcNqyR.jpg,wood
EpTIQA5w2YulEvB.jpg,tire
ErZKIL2CH6wC4h5.jpg,eel fish trap
Ew1Syyo93uvpN3f.jpg,circular fish trap
EynEHDDE3RVcaKY.jpg,bundle of ropes
EzklPF2kWzjplrR.jpg,wood
F0pFvs5ohAvJ5hp.jpg,wood
F3tGV7f9EpYTftL.jpg,fish net
F4GJjFymRpZsqx0.jpg,eel fish trap
F6UKswyEeu7cVbb.jpg,tire
F7LYOvwgEP2gEqc.jpg,spring fish trap
F8j0gRpODFd3lDy.jpg,spring fish trap
F9sZMUswHiiBO6B.jpg,spring fish trap
FA8YWjetn3zEo0X.jpg,wood
FAptTpEtNWOKUjg.jpg,wood
FCp8KKmZPLtixO8.jpg,tire
FEMZEgZVqoXHd0b.jpg,circular fish trap
FEnwLBtjq9B0Uge.jpg,wood
FFJsAVbqULTtgSF.jpg,wood
FIscPPV8VVaXqgs.jpg,bundle of ropes
FJAhjs8XPPmdyzd.jpg,wood
FKdEkxOwNAiDFla.jpg,fish net
FNpRXKa7vWYPAfo.jpg,spring fish trap
FOaRmrB4J8W41XA.jpg,bundle of ropes
FPXTZot3M6kaG6j.jpg,tire
FQcCFEzNZWLe0Co.jpg,bundle of ropes
FRglEaiQT54m3zd.jpg,tire
FRlbgv8iDFs1Tmp.jpg,spring fish trap
FSIArRSANZ4ifOG.jpg,circular fish trap
FTT9VEOMcV13DpK.jpg,wood
FWlNo4OElFNyFib.jpg,tire
FX3HxvHeWRJPr4Q.jpg,spring fish trap
FcJDZQXpm6F97bM.jpg,circular fish trap
FhXpsIYlk447qkw.jpg,circular fish trap
Fip2EjGsTr1gvAc.jpg,wood
FjCTpdlehGWISFS.jpg,tire
FlkICfifMgfwk1Y.jpg,spring fish trap
Fm17r8VTvf5DcGw.jpg,wood
Fn1B6ZJ4msNuKc1.jpg,circular fish trap
FpDttuG1J7WWY6m.jpg,wood
FqIlfEV5zorN1ET.jpg,bundle of ropes
FsNhYrcEtl48ed5.jpg,circular fish trap
FuAf5AyRwZwIimx.jpg,fish net
Fuy4H4iI5osEzVg.jpg,bundle of ropes
FuzKH9ODxndALna.jpg,fish net
Fv188Voqxwb0sS4.jpg,tire
FvWDsV8idzt65EL.jpg,tire
FvePlM0j6JL6rKa.jpg,fish net
FwXFVaTCgmhvGyU.jpg,wood
Fxq4HYa8gzZFyvH.jpg,wood
Fy1kyYIpgWcMRDd.jpg,fish net
FzN9BzdaYQJQJYL.jpg,wood
FzWIZY4bgac1oUt.jpg,bundle of ropes
G266c0Z7JXOJwXE.jpg,spring fish trap
G4yxckfgXrwzfbf.jpg,circular fish trap
G7RohuK8DcZmeA6.jpg,wood
G9xKjlP9y6GwwoP.jpg,spring fish trap
GBGiaLAwfY1Xsfk.jpg,tire
GCKD2bd5JAy9fXL.jpg,tire
GFnsfHcmiCe8wzD.jpg,wood
GL11A9XE8uRUTVO.jpg,fish net
GM3zvMLIRwm93eH.jpg,circular fish trap
GM7M3OCtHrfimBs.jpg,wood
GMNqOkQh6K2xSEF.jpg,circular fish trap
GR0B3n997VHiCli.jpg,fish net
GR5W8OuZdC9CHJj.jpg,wood
GRLjWg34pIr5N5g.jpg,tire
GSvKv3LmjwYgh4E.jpg,spring fish trap
GVSo6QCcc9R0s6L.jpg,fish net
GWCCnCHJboxYDvo.jpg,tire
GaXDDRaI2CgtF6N.jpg,fish net
GaZgByIXFcqE7kS.jpg,wood
GfRMVBXXOGOImW7.jpg,wood
Gg212DYuUPwzYy4.jpg,circular fish trap
GjfjExA7e3AbUCK.jpg,bundle of ropes
GlNJaxb6DqOjvzH.jpg,tire
Gla6tObYSQyvXGw.jpg,rope
GnhIBxpAKMhdnzy.jpg,bundle of ropes
GnnZfiHTeG1FuUI.jpg,wood
GvqQGOriEwkvWaj.jpg,circular fish trap
Gvxc41YgtCRBD83.jpg,spring fish trap
GxWaTRcP6tIiQOW.jpg,spring fish trap
Gy3QH5faQR6FL23.jpg,wood
Gz3b8Rk8OpZQucd.jpg,tire
H2svUxLT5MahPR4.jpg,fish net
H6qhaeHsbWH5wHo.jpg,spring fish trap
H924WGGlWzKJBHe.jpg,tire
HC3xhKYoc6JaBzA.jpg,wood
HG4X7LGibN4H7KV.jpg,wood
HGQeIRfVpiAPQh6.jpg,wood
HIy0K43Ps94F1SH.jpg,fish net
HJB9smoPoeQy7jp.jpg,spring fish trap
HLLJoAit7YjYA1d.jpg,rectangular fish trap
HM6oHOiGpN9DtEG.jpg,eel fish trap
HOv0Mojs1pTq9oL.jpg,spring fish trap
HPJz1tCxKFhIBro.jpg,wood
HQ7a2jonuyBnyD4.jpg,circular fish trap
HSAHPECTXMKwF2c.jpg,wood
HVjMwLsIzUu7Pmz.jpg,wood
HWk9NuUcajQ1aDF.jpg,spring fish trap
HYY4n0DGOzk5gbJ.jpg,fish net
HZ2i6KpBuuRFQZi.jpg,wood
HZMFLereVrUTyq8.jpg,bundle of ropes
HZXWsp0p2BgFTBS.jpg,tire
HaVqpYBfFVT6WDm.jpg,circular fish trap
Hc252P5DVY5RinZ.jpg,tire
Heaooa9RHJyEHyp.jpg,spring fish trap
Hel00ny0maIHtcc.jpg,bundle of ropes
HfV3OXbRCP48gF6.jpg,fish net
HffA8tM4xGyYwk3.jpg,spring fish trap
HihyY75FoSpwp79.jpg,circular fish trap
HjSTl30vPDfgazX.jpg,circular fish trap
HjehdYLyzsJQYk9.jpg,wood
HjuQ99aNTanaG94.jpg,tire
HkfN58uZ1eaaUWS.jpg,circular fish trap
HlcCbKOXsB9Nq8e.jpg,spring fish trap
HplwM6vxiNy639V.jpg,spring fish trap
Hqfn7RJGiZMAHET.jpg,circular fish trap
HrOKhY1dXbFBF0v.jpg,fish net
HrhUQMfiXw0c505.jpg,wood
Hrq0lMwobidvih2.jpg,tire
HrxuUCLZsDF4QUw.jpg,rectangular fish trap
Hss5NhdWi3jLmXx.jpg,tire
Hsx9YkuLH9l2TAe.jpg,circular fish trap
HvwAjCwQdT02SZS.jpg,circular fish trap
HyfqeOmQ9Vue8xQ.jpg,spring fish trap
I1hO4UgaXSCQzCN.jpg,tire
I2rYFvehN8jklqU.jpg,wood
I7Mv1GALXQcyRcE.jpg,wood
I8VU8PWIYhz33Q4.jpg,wood
IAp07NjtoouXBZu.jpg,wood
IBcEMheCrfsNjXV.jpg,tire
IBgExCxfmx0CpcA.jpg,tire
IC1fYaxVlLmayIi.jpg,wood
IEXmFbWDiw3agj0.jpg,wood
IHCF6XQUtxrBUQg.jpg,wood
IHImNT4MEI8AatU.jpg,eel fish trap
IIj2EPoSGaClzas.jpg,tire
IJ8k4SPLnJR38KA.jpg,tire
IKfZh2RWHFdSEGe.jpg,wood
IMIysPMEeafgHFe.jpg,circular fish trap
IPaF7NOH2KEM2ut.jpg,wood
IQuWDN6CujwYkix.jpg,wood
ITZQa0tjrvjgnFI.jpg,wood
ITlx3RNYJJIRXoF.jpg,tire
IUKW0HdvkO9thiw.jpg,tire
IV4m6c8nLDe8noJ.jpg,tire
IVp9h3p2pyOfyhk.jpg,tire
IWmmoqZcRLzvDjL.jpg,bundle of ropes
IYDP6ijSgPE0wBX.jpg,circular fish trap
IYNJOnNjCZwKXNE.jpg,wood
IZdJ1svuXIpkDf4.jpg,tire
Iek3QbkseTNODcX.jpg,wood
Ifcb2EqLk5BkHyH.jpg,tire
IgQRpeqV5xSKR7W.jpg,bundle of ropes
IhlT5iq6kRGNDSS.jpg,tire
IiHQMc9HuJCwzch.jpg,rope
IiPUM6MvkjPs36S.jpg,circular fish trap
IkLOTiD6KvTwSdw.jpg,tire
IkW9khz2OihXBdF.jpg,wood
IkxzzqRXRAClEmX.jpg,bundle of ropes
Il7RWk5Fd2r76nf.jpg,tire
IlLwP6LuvWUeARK.jpg,rectangular fish trap
InAbl0po2fbFBbB.jpg,wood
IqUBdMzhoMsGNzD.jpg,spring fish trap
Is2AN9gCX8Jx8Qz.jpg,fish net
IsJxo60QYlLT3Y4.jpg,spring fish trap
IsMo00sxiTUGSvk.jpg,tire
Ivjea2uU2q8ZzIF.jpg,eel fish trap
IwW0FQlWspBMwPN.jpg,wood
IxyNNaaOXtteZqQ.jpg,tire
IzRH3UOArognYfS.jpg,wood
J3DtNOwfTRjSAtL.jpg,tire
J4KP7LEG3KZyTQg.jpg,tire
J6N6Z0tzeNBUFUZ.jpg,fish net
J6RLS3cobUHAP5y.jpg,wood
JB3lKK49jXB7VNA.jpg,fish net
JBmYargU3gerHWE.jpg,tire
JDyUdCZxhRiXU81.jpg,rope
JEdOTiBOYw5vuQB.jpg,fish net
JFfcXqpXgux7xgS.jpg,spring fish trap
JLS6sNKkLOXyjNJ.jpg,circular fish trap
JMqb7kRQ1CUsBzG.jpg,circular fish trap
JNwizIId2MpRldZ.jpg,tire
JShclocTeR9AQXs.jpg,wood
JUmRqUnGptWuXXY.jpg,wood
JVuUmoNuzFdcKRm.jpg,circular fish trap
JWTZc59gEuoQx7M.jpg,tire
JYCgvYFFpwCQP5B.jpg,wood
JbIHle8VzKLIioE.jpg,tire
JfHAfBQBe2o3m2w.jpg,bundle of ropes
Jk3w0HWXdfZ6Bev.jpg,wood
Jm35o3Mwa7o9Bv0.jpg,tire
JnGtmfJ33hzTcZo.jpg,tire
JnWdazjCuTIen8j.jpg,bundle of ropes
JoxV5kWmzf0w97r.jpg,rectangular fish trap
JpCPJU3wBkotff1.jpg,circular fish trap
JuKJ5BHLB14pVih.jpg,tire
Jvg5wkXUBJXRg4i.jpg,tire
JyxHHv8iEkAxpcH.jpg,wood
K32DdtsspWa0uOw.jpg,tire
K3nwrXumrSXVQuH.jpg,tire
K4dO42AAiqkbMId.jpg,rope
K5Gep5LsrYiQBjq.jpg,circular fish trap
K8cuTw7vlFUVXnL.jpg,tire
K9331wJsHuuaAqy.jpg,wood
K97tea1ee9mNfZk.jpg,tire
K9CNpvmapKYFtMR.jpg,tire
KARGGnApjbzj9kd.jpg,fish net
KCklg89jOVPyN0b.jpg,wood
KDrCnN7pUvtuEVN.jpg,fish net
KFezr0ldVbZ1gyn.jpg,circular fish trap
KGPKqnmWa5p2hBi.jpg,tire
KGl7BJEhElCaTGq.jpg,spring fish trap
KH6Wix8i4QZhP8G.jpg,circular fish trap
KIeGcXdSQ8fKA1K.jpg,bundle of ropes
KJ6hCHGujZydGdZ.jpg,spring fish trap
KKxEZjc8nsM89Sp.jpg,wood
KM1Sk5GuYBPGpy8.jpg,wood
KOFWmJi7UH4rdKg.jpg,spring fish trap
KOxZyxl8H7xMBFF.jpg,tire
KPvYX9kk7v98Qyh.jpg,rectangular fish trap
KQ566vIc3SRZ2rG.jpg,rope
KQee9NwvuhjQsi2.jpg,wood
KRyh6coWNTQ5vue.jpg,tire
KSfusTm0U2lKPN0.jpg,rope
KTBtyykXz9NUZrv.jpg,spring fish trap
KVmounWYCK1xra3.jpg,tire
KW38VPTeGQ73pVn.jpg,rope
KWvg7rcS6kYnWQ0.jpg,tire
KZGFB8S9qfqiYgo.jpg,spring fish trap
KZuQD72RYqyZ3Bq.jpg,rope
KbPL41Q1vXJ7Zws.jpg,fish net
Kbz5MuAF5HznGnP.jpg,wood
KknpGC0VXsRRqcP.jpg,spring fish trap
KlnAwW3WYlClt5n.jpg,rope
KmhJKq6paE72Zrq.jpg,bundle of ropes
KoMPms4MdqghXh9.jpg,tire
Kp5mKW1hL8QkKVo.jpg,eel fish trap
KpSH1l6LCFFd5Ft.jpg,tire
Kq7koJhJHmmDDp5.jpg,bundle of ropes
Ks6XNZ6VtKwG2v8.jpg,tire
KtKhMTCj9MKA932.jpg,spring fish trap
KthZ2y7oE1kvhGk.jpg,wood
Kty8sB5WDFYOJAJ.jpg,tire
KuEVRRynGcDgFPH.jpg,bundle of ropes
KvkGtDcD2QgCwl6.jpg,circular fish trap
KxmfMG5UyAPRy6n.jpg,tire
KxvQvOf6iIGA1fF.jpg,tire
Kygt4MIYCCsVhRQ.jpg,tire
KzZKsNXJtkxM2iF.jpg,wood
L1Hk02VYfY9Ncmr.jpg,wood
L1LMZgoxEvw8B68.jpg,spring fish trap
LCAArPy57tp1pWh.jpg,eel fish trap
LFPltHcmsrd0SWj.jpg,wood
LMfcH56f4zRINBd.jpg,wood
LOiTsyjOCtsmEUY.jpg,rope
LP6QyeuJhWEnlly.jpg,tire
LQJqoOyC2S0cWG1.jpg,tire
LVOytFITC2JhJrT.jpg,fish net
LWCIXZTpshHYieF.jpg,wood
LYLs22gIKedUCRY.jpg,wood
LZad3RU2dB4DolI.jpg,circular fish trap
La7gwvaBHXLh57B.jpg,tire
LafgpsCfOCIaKd0.jpg,rope
LbimJ0SQGf4UAKS.jpg,spring fish trap
Lbw734xXOTa5U2J.jpg,wood
LediS04HxE1XSuR.jpg,spring fish trap
LjtPAf0GII7MlMA.jpg,fish net
LjxtR4fhAxAYPjw.jpg,spring fish trap
Lm9dxQ5FXvxHgKh.jpg,eel fish trap
LmPpVCksPCGVUsx.jpg,circular fish trap
Lmg5qhgthqpE23r.jpg,spring fish trap
LpCYAxIWgX5Qtkl.jpg,spring fish trap
LphWbvg0ldCZRIP.jpg,spring fish trap
Lu5giOt7e3TvuRk.jpg,fish net
LvKllsgnh865MSr.jpg,circular fish trap
LwCVUAYbGq731jF.jpg,wood
LyRLXLXo9Ye3TmT.jpg,tire
M1Zor0wkzLvVPwt.jpg,fish net
M2GKjH3pu6dnHu3.jpg,spring fish trap
M2s75MqVQD4tndp.jpg,circular fish trap
M6QLpFG9pU5k2oi.jpg,tire
M720nfXzYzLqcNF.jpg,wood
MDomBiTfN7gtLvB.jpg,tire
MEmRTBhSLlIKTS5.jpg,fish net
MGj5VkJTC4Ap8rY.jpg,tire
MH7D5qdrokqCss7.jpg,fish net
MIW43x7xOzizzaP.jpg,circular fish trap
MJeuF6uy71h9n6F.jpg,tire
ML2nZpMSgQ8KQcX.jpg,circular fish trap
MLENfaGucTofzQB.jpg,spring fish trap
MLLZk6uujsW5yQh.jpg,circular fish trap
MLTZ4HCjfBO0NH3.jpg,tire
MMMdIU709VdH9wg.jpg,fish net
MMQhRHmqQEKRcAc.jpg,wood
MMkkzK072qNmutC.jpg,tire
MOdJ7IoJp8Btidi.jpg,spring fish trap
MPFlWj0B3y4R8oU.jpg,tire
MPysRouW25OLcsT.jpg,wood
MSZiK0CnP6iOIKd.jpg,bundle of ropes
MTSnANYXW3J7OXJ.jpg,wood
MU8kQY4aDjZYA26.jpg,tire
MUYv7Qr2BfIuB7M.jpg,wood
MWT4IBiO0XvtIUf.jpg,wood
MXPIvvtPbjhnlrs.jpg,spring fish trap
MdoTou2ZSWOPBaq.jpg,wood
Me3MLdf2kxTPI8U.jpg,eel fish trap
MeoHmKM2qRESauL.jpg,fish net
Mf1xACwo7lXfLr3.jpg,eel fish trap
Mi5ZXfQ2neMrsUt.jpg,wood
MlNQlWO8FaTTSRC.jpg,fish net
MnfB8ZAjRAZWwBi.jpg,fish net
MoLEmea88X6IqI2.jpg,fish net
Mq8SDdnWkOHM4Fv.jpg,rope
MsuUZCXxGqI1nDa.jpg,fish net
MuCqNDXGQvhrQxg.jpg,fish net
Muzbn3PwD3sZ2Jt.jpg,wood
N0orTZv76wb4JUy.jpg,tire
N10e3ERi9za43Bi.jpg,circular fish trap
N2JylbVN1VRz6z2.jpg,wood
N2jCNTy3YqaA9eK.jpg,circular fish trap
N3HFlit1Zdw1mCD.jpg,tire
N69DUHJ0Nu43tpf.jpg,spring fish trap
N6rI4fV31hKTSw3.jpg,eel fish trap
N7BH9793MJoI0zS.jpg,wood
N82X7zlgaR5mevC.jpg,fish net
N8CDocRJNwXs9qT.jpg,fish net
NAk88KeNiM2Dl60.jpg,wood
NBmZGCbLINQv8dD.jpg,spring fish trap
NDTmtlqoLsEVtSI.jpg,tire
NHMGgouHk4pGd33.jpg,spring fish trap
NLlDLPLxbWowM4A.jpg,circular fish trap
NNoyJeZAK11iKsi.jpg,fish net
NNuJ1bgdCWgGmns.jpg,tire
NPnV7lyNQpvxdVd.jpg,spring fish trap
NTMej8nZrJua6WG.jpg,wood
NU3uriBC4pxFWeC.jpg,rectangular fish trap
NWNPs8fG81bcrvW.jpg,fish net
NWhGSJiWUO6sz4u.jpg,tire
NWjf8wYBtIeXxZ4.jpg,rope
NWl8HngXcm3O6FX.jpg,circular fish trap
NXJ6N2BdpwZbqFw.jpg,wood
NYLxKWgwxUBRjQT.jpg,spring fish trap
NZ1T2sD7qjJ7X12.jpg,bundle of ropes
NZjpj5avKb283Qr.jpg,wood
Na6XjRMdRhyIbv4.jpg,rectangular fish trap
NaLIxdnZI3xngV6.jpg,wood
NbiQUlqpzyqR5MJ.jpg,bundle of ropes
NcBZWGuf9beBM72.jpg,wood
NcM3Hdq7BLjOtGB.jpg,tire
NeLukk5DRsNvSCj.jpg,circular fish trap
NeU6d0Ba4nkOSXe.jpg,fish net
NgqFcVcES7o5nAl.jpg,fish net
NjsrAEkbSAwasgW.jpg,tire
NkUNhXqRcmyIFGp.jpg,tire
NkmHd9CbrN8dZ8l.jpg,tire
NlQ2De3L9EnHu4U.jpg,tire
NlpjTtbDnLhQzFa.jpg,wood
NlxPQeGv2FzWe0H.jpg,spring fish trap
NlxdDrQPzvVl4fq.jpg,bundle of ropes
NoOQLJY1rvUz0pi.jpg,wood
NpBK4TaWqtOkXUR.jpg,eel fish trap
NqldBqclVX7mO1t.jpg,fish net
NsoY4tegOIkdJiF.jpg,wood
NytnDRTVGj1HCO2.jpg,tire
O0exjvIIeOHpuZE.jpg,fish net
O1myfAKFA7Oi5qp.jpg,wood
O3UPqgzWIMUdRdk.jpg,bundle of ropes
O5aeCKoV1KyYCwH.jpg,spring fish trap
O7b36ZOpLfyQHSh.jpg,spring fish trap
O8Hpgc34bUcFTZK.jpg,wood
O9AWmtliNfsZuyy.jpg,bundle of ropes
OE7xpcOj86r1Tob.jpg,spring fish trap
OEw5lcscN95WlxQ.jpg,wood
OF84MFb2nmEXC3E.jpg,tire
OHRIUzn4P450kOC.jpg,circular fish trap
OHsCo7Si09Q9KQk.jpg,spring fish trap
OIaD8Ql7IJq56sC.jpg,circular fish trap
OIfkTlDQFbKbj7B.jpg,fish net
OKItxtE9QGbyrMG.jpg,tire
OKyI44l37a4WezT.jpg,wood
OLPy5jrGPdSsu9T.jpg,wood
OOUboyujc8sBYLj.jpg,eel fish trap
OPoWxiMzethcH9M.jpg,wood
OQdq2yEx2P6VkiZ.jpg,circular fish trap
OS68H6oiEjdt5gv.jpg,wood
OSc9c0gCFOUQNbN.jpg,wood
OTKNXoLU2He7cLv.jpg,tire
OZZ90PaOLb2re4k.jpg,fish net
Oavi0j1zRd0esho.jpg,wood
ObacsmX50iC9kIP.jpg,bundle of ropes
OdSuP0o5ULs5HQ9.jpg,wood
OdemKtn7oTLY9g8.jpg,fish net
OeqMYyiRS3TXUcF.jpg,wood
Og2IqownOaDoztK.jpg,rope
OiYngefv5vLpfqA.jpg,circular fish trap
OqfwXsJbExS0UwM.jpg,spring fish trap
Oql3Fh4d6LkjIyP.jpg,bundle of ropes
OrzPCmh9MSur96U.jpg,wood
Ot8ibdjJMqMDvVZ.jpg,circular fish trap
OtW3pn8sJ6MNf4b.jpg,wood
Ou7R38BguHEUYEe.jpg,wood
OvzH3yZjEvQeR8B.jpg,tire
OwFvL5ldT1yM1wT.jpg,rope
OxM92KRqld0bETz.jpg,tire
OysO2y2umOYhiRJ.jpg,bundle of ropes
OywanpG1GmrLCmp.jpg,eel fish trap
Ozyfh0mitSoHolv.jpg,fish net
P01qq8QAanukdUa.jpg,tire
P0Uhy0xxHCWTN4j.jpg,spring fish trap
P2HSJ22n316qBRK.jpg,tire
P3nZHL4QYehz1kE.jpg,fish net
P4D1qbHv6jV1fDT.jpg,circular fish trap
P7YHDgrC5ZadLUf.jpg,tire
P7sA4cVGvxFhC7a.jpg,rectangular fish trap
PAc408UBPYEpRNQ.jpg,spring fish trap
PC3y6R3rZqAikcW.jpg,spring fish trap
PDNiztCCgF51FcA.jpg,wood
PLljSEj33ljWR1W.jpg,wood
PNooh2SMzr8kWhb.jpg,wood
POXNFGxWXIyaf3n.jpg,wood
PPAnITLeTkWjkM9.jpg,eel fish trap
PR0y6REsMBMSMdF.jpg,tire
PW84sRSTPSazrXf.jpg,rectangular fish trap
PWRfniQ6YGXK6PG.jpg,rope
PYTIwYOWlAZpv1C.jpg,wood
PYWHLVZ98JnFKqM.jpg,circular fish trap
PZAccKtDHo7DYMa.jpg,tire
PaHcfmBmt7dmqrj.jpg,spring fish trap
Pd55m4gFk5c5JAx.jpg,tire
PeCO4RPyHWEp6k6.jpg,bundle of ropes
PhsDowXkDTB7XRF.jpg,fish net
Pi6muELnO2rLdwZ.jpg,tire
PjAbeva8XlQRwjR.jpg,wood
PpZz5NJradEHxvT.jpg,tire
Prntau0Qydbsz83.jpg,bundle of ropes
PtZjqfLwBTRJYEU.jpg,bundle of ropes
Pu3W3Rm4KrSPvps.jpg,tire
PuNJA0DIwTcwGPh.jpg,fish net
Pw4ybtpxyBCGVhV.jpg,bundle of ropes
Px0ssBH08fI2cky.jpg,spring fish trap
PyfilKMTX2aZnIi.jpg,circular fish trap
Q0m4RFydS5t7qpU.jpg,tire
Q3tUsDgEMNhZn6y.jpg,bundle of ropes
QBnV5yGX9ycox0K.jpg,wood
QDA6WJg8oue3QCN.jpg,tire
QDSPBITupd1nx92.jpg,rope
QEfxtdUfL2VbOz7.jpg,rope
QFYkstmB8AvC1jD.jpg,wood
QGWgFEiExCiw7QT.jpg,tire
QH6lUZOUHc3bopT.jpg,wood
QHJKq65RFcNmrFO.jpg,bundle of ropes
QIQsrcQmGkNOUNZ.jpg,tire
QKnsaK5JJCImDn0.jpg,wood
QL1oHm4esNMmokf.jpg,bundle of ropes
QMve8Fff143bfzu.jpg,circular fish trap
QOMhZN1fsFaaGy8.jpg,tire
QQUzBxZoTHRdSLO.jpg,tire
QZEGgeMmQR1HFc2.jpg,spring fish trap
QZRFeGzeM08bWPX.jpg,spring fish trap
Qa1zQDPl0Shr2OE.jpg,wood
QchnNbdpOpmx2fM.jpg,circular fish trap
Qfc2Ufo3mDqeRF5.jpg,tire
QfkXAqxIrIFfcIl.jpg,rectangular fish trap
QgXWCNsSElqfQMY.jpg,fish net
QhlXGH6EP4uIAsg.jpg,tire
QhnqlF6toCYEgCE.jpg,spring fish trap
QkJmpHx4fVkxF0X.jpg,eel fish trap
Ql23qgYd1fOU8ox.jpg,rope
Qq0EWbQAQmVHznP.jpg,rope
QqjSkQVpLLCbg1O.jpg,tire
QtDPRI7cNli2L07.jpg,bundle of ropes
QtVIwOVUOGl5zYT.jpg,spring fish trap
QuXf6e64NhJJazQ.jpg,tire
QuiSR7kf5Qub10A.jpg,eel fish trap
QuvE2TFHjozYM7e.jpg,wood
QvFyls8GCfkcNoj.jpg,bundle of ropes
QvK84D60IFNe5Kb.jpg,bundle of ropes
QvN3Q8TF6Zfllvk.jpg,wood
QvfVEh6KaelRwa4.jpg,wood
QwEdewOd08EXLrK.jpg,tire
QwwEyZ33QtAA2W0.jpg,wood
QySkZqTYf93cRag.jpg,fish net
R20UBOtTk5Ixiju.jpg,tire
R2y0Guvyy5QqQ3K.jpg,tire
R3zZK3eqpdwzE0g.jpg,wood
R45IIEUt4yau10o.jpg,spring fish trap
R49RpOyIR8P7hIw.jpg,rectangular fish trap
R50xoyKuLS6crvy.jpg,tire
R8APPU6fOe0O1u3.jpg,rope
R9CU7oeGT8WMNzG.jpg,bundle of ropes
R9XAWlJft3NycNs.jpg,tire
R9y7h1ZLk98piei.jpg,tire
RAqhFjbZroPVKMK.jpg,fish net
RCWCm8roQi7c2mM.jpg,fish net
RE0JVWu67WJTo72.jpg,tire
REAHVJqCSDKuzHt.jpg,wood
RGP2QnhyAjEosCs.jpg,wood
RGjwhYILANTo2Us.jpg,tire
RHblRHFBNkIFN0G.jpg,bundle of ropes
RJnYnCLWMyz51Ed.jpg,wood
RN1CbTsOEagIpXh.jpg,wood
RNqSLhF51EXg739.jpg,eel fish trap
RNvpxInDRsgKl7r.jpg,circular fish trap
ROUsGMLK8YRCjwo.jpg,spring fish trap
ROtDiWHjGbf9B98.jpg,eel fish trap
RPyZ1FDdyQQXqAo.jpg,circular fish trap
RTHp3AJLKTFXy2c.jpg,wood
RU5gjC17h8dmO2f.jpg,tire
RU6uk1y5hv4spwY.jpg,circular fish trap
RVMXCMlTuWQ2vRV.jpg,spring fish trap
RYx4sKwb0Q1tGzF.jpg,eel fish trap
RdPqXocxl8XdBbK.jpg,wood
Rf06y9wPxtMiIUP.jpg,wood
RfNWrNDzvzy2882.jpg,wood
RtwYykNbw4XpkqY.jpg,tire
RuIvXQHyps3MZ9z.jpg,bundle of ropes
RuQdBJAR2nn4oeW.jpg,tire
Rv288cnGPG8BcEV.jpg,wood
RvEUj3AYCDzJj0c.jpg,wood
Rw7DnDDmGaWhch7.jpg,wood
RwTicyCObPB9jck.jpg,wood
RydmRYXGHrloBLN.jpg,tire
S1JCrmrQCj87jxv.jpg,wood
S3DrQVrVQGT5vkj.jpg,circular fish trap
S3tn66NfUs92QfY.jpg,tire
S7xDDATHKOdCLtf.jpg,tire
S8IjTI2cEdSaeLx.jpg,wood
S9AvqgjeKUL5D2e.jpg,spring fish trap
SAhiJm3azNmF7Zw.jpg,circular fish trap
SBr9GFea82VhQNW.jpg,wood
SCI9TGR6bw3Qni7.jpg,fish net
SCYIhpLOZm4NCjK.jpg,fish net
SEIk1RT1B3TkHJE.jpg,rope
SGHezguSdD2LTBZ.jpg,spring fish trap
SH3eBTG5cwiJ7pD.jpg,spring fish trap
SI0wOhpjPTbI8Wj.jpg,tire
SLYuQKN7vD8ZOZC.jpg,fish net
SNDt6cWKpzGvCuD.jpg,spring fish trap
SRn836WdOKz7r5w.jpg,spring fish trap
SSdoLJ1Wi5X4cXv.jpg,fish net
STGGMwWHXYSj1Km.jpg,wood
STHz0RXebHsZAXY.jpg,tire
STtf2HUY5jgBXyJ.jpg,rectangular fish trap
SWMsPVc5uEhyRUl.jpg,spring fish trap
SXT5JTkqpmD0NQJ.jpg,rope
SZ1Dzk9RR5JcKAK.jpg,tire
SZTjFlV7zenrwHA.jpg,wood
SZcz30FiVmz4BHe.jpg,wood
SaoenQqOhRiky7D.jpg,fish net
SarSiq9VZge8qeO.jpg,spring fish trap
SbRdzcAplmbA3NR.jpg,bundle of ropes
SbnnUUzIhQHv2yC.jpg,spring fish trap
Sdwfemy0q0BGz22.jpg,wood
SeF3zSHShrftL9A.jpg,rectangular fish trap
SeReicm6dMG6ZtS.jpg,spring fish trap
Sfp9mDE5mVYB4wX.jpg,spring fish trap
Sge5VuVIb46g0Vr.jpg,circular fish trap
Si6to8d2OtNI9TO.jpg,wood
Sj59eCFWiPe14br.jpg,spring fish trap
SjS1uduD8dE6dul.jpg,wood
SkCaPzBt3ijoMyO.jpg,eel fish trap
SkHm1D082RBPB2O.jpg,spring fish trap
SlfcQJ3cj3ne10O.jpg,tire
SouFlmKRgezctXA.jpg,spring fish trap
SpEesAfpLokko8c.jpg,tire
SsLREXEyIfA0ced.jpg,circular fish trap
Sw0CiTVjnFlnsPn.jpg,wood
SyePl6fPZjhOhZZ.jpg,spring fish trap
SygGiIDufnflsdw.jpg,spring fish trap
T0YbtGe76SCAn59.jpg,circular fish trap
T18WayzJjaRzevv.jpg,spring fish trap
T3130FVSEedCqIW.jpg,bundle of ropes
T4t6tGw1v3J1Z2K.jpg,tire
T7pJzOG2bO5IDa2.jpg,tire
TBVP9zkU84PjKQG.jpg,spring fish trap
TDm7C1iQOBeVbSG.jpg,circular fish trap
TIQRdMpusKfK9jp.jpg,bundle of ropes
TLoaquiLoWtp02D.jpg,fish net
TLtgeFycJLOhllc.jpg,tire
TMczdWmDTl2RkT3.jpg,wood
TNXPbQ2fDxCpdVX.jpg,eel fish trap
TONJb1jzVscJcRg.jpg,wood
TX6n6cCVXtcA1vI.jpg,bundle of ropes
TX8dgsSvHMNY9KP.jpg,fish net
TXGtBbHOe9oGOWh.jpg,fish net
Ta7HJEdP0Z1Fp9S.jpg,tire
Tdg3o2wXOjn1tQu.jpg,circular fish trap
TeiZEZ6bLjmFh5S.jpg,eel fish trap
Tg8ykGmMLLb1rfz.jpg,tire
TgbQkptbmksZrQk.jpg,circular fish trap
TihJjSxOpQkliSA.jpg,tire
TlCQSNPnOo43hF9.jpg,tire
TnWP9WbydXpDmJW.jpg,circular fish trap
TpAeaFRA2LsEE0O.jpg,wood
TuFfBu5ZfP1txoS.jpg,rectangular fish trap
TvH0t3JFMj34x04.jpg,circular fish trap
TvwDA973vMqYiOZ.jpg,rope
TyXKM5MFImqnCZg.jpg,wood
TzZNfZ9EPwWxrak.jpg,tire
U0wagE4qsXyOMXP.jpg,tire
U1l1KqVYt8wUfjC.jpg,wood
U273oenaCSO8rGz.jpg,wood
U2Y50BsvL0QXtkB.jpg,wood
U6ZhbWRfmMroGHn.jpg,wood
UAnKMLKgLPb0vUl.jpg,circular fish trap
UB7xsLl2VN1k1R9.jpg,circular fish trap
UCH7VeRQgzzVBjk.jpg,wood
UDqPSFHwQdomknU.jpg,tire
UEM6zuIDCWYIwZq.jpg,spring fish trap
UFFxBgQGoE7wyW4.jpg,fish net
UHwKeYeFMWdct8s.jpg,rectangular fish trap
UIUSwZkhawtpG1M.jpg,circular fish trap
UJLW1VCxIReNtrA.jpg,rectangular fish trap
UJig3JH8Cjb8L1Q.jpg,rope
ULQbHmEyg21YSwt.jpg,fish net
UNeQaDEbyIWWi7K.jpg,circular fish trap
UPaGoWDTfPWMze2.jpg,wood
URbuFS5CEXPhLYG.jpg,wood
URpPFLyeiY7cmez.jpg,fish net
USvjxhBft3xLSp3.jpg,tire
UVujukwKbtKXXYX.jpg,eel fish trap
UVwlQF4IAP7BOpe.jpg,tire
UW9ZBWLettrNqCd.jpg,wood
UYH6oF4gluvuOQs.jpg,wood
UYsACnZ58Zutcs4.jpg,circular fish trap
UaVVnWJD9ZQ1NSU.jpg,wood
UbDzhlHH51AiDE8.jpg,tire
UbhRFA16DZSvf4P.jpg,wood
UdbTRCG8eCq4XI7.jpg,circular fish trap
Ue3WIxIuOu8whRM.jpg,tire
UhfqwBHSP9yzncn.jpg,eel fish trap
Ulr6idSyKGtEpbB.jpg,tire
UnwbVbKB1q2x7TT.jpg,wood
Uowfi0RW3yJsf11.jpg,fish net
UqfDZcylWSPg0p0.jpg,wood
UrnwX0KvaQTisuR.jpg,circular fish trap
Uu4GKcIm9hWYry3.jpg,tire
UvQofvu7ipmatrf.jpg,bundle of ropes
UwnYiDisrPBLUwc.jpg,fish net
Ux27uO6XXcCjox1.jpg,wood
Ux30PpzCI8kzCN4.jpg,circular fish trap
UyZbuIPlTWpobwW.jpg,tire
UzJDFsZ35e0JMNU.jpg,eel fish trap
UzjsNqW3XIGvNXn.jpg,spring fish trap
V20tOQCR4MygUIa.jpg,spring fish trap
V3F1o2qWrUm3BEV.jpg,eel fish trap
V5xVSvat440qgHL.jpg,wood
V8FOPDwzmXSVvhl.jpg,wood
V8hzaMQEPWWEN9J.jpg,circular fish trap
VDMi6pmUBvQL8BM.jpg,fish net
VDiFF9D2ZBvUAc8.jpg,tire
VG0O2EqtMiQsWEK.jpg,wood
VGJAR0XJhrxqMQd.jpg,tire
VIbROvdygIkqp49.jpg,tire
VIrucybfZyi9Oh3.jpg,circular fish trap
VJ5B0CZ935PJcJ6.jpg,circular fish trap
VJXMWp2mB6mfY7w.jpg,wood
VO2iWJR3CCoj5BZ.jpg,tire
VPmgyjkIVBNAuOb.jpg,tire
VQXSOu4x6l3UxLS.jpg,rectangular fish trap
VRlm6xBtLDul227.jpg,spring fish trap
VTWpnNLTu19iz8U.jpg,wood
VThyyYEa7qlniyD.jpg,bundle of ropes
VY6uIoIRCy1tO9v.jpg,circular fish trap
VYE0TlNSP5D2yfl.jpg,wood
VaMGHTDNZmoFHP7.jpg,wood
Vb3qen4b1sWkpRf.jpg,fish net
Vbn25GOYWdKBlCl.jpg,wood
VflhYUFbvpe6XeZ.jpg,spring fish trap
VgagKN4b8D2T95v.jpg,wood
VhH2uDRUDGHVwog.jpg,tire
VhiVtkqfWoKb3i8.jpg,spring fish trap
VhpckU3hICPYzkv.jpg,eel fish trap
VibB2XKIkuqDZk4.jpg,circular fish trap
Vquga4HOTdHjdpH.jpg,circular fish trap
VrhPT3gi3PeVCRQ.jpg,wood
VsHlv0Ey8OJdTqn.jpg,fish net
VtuwdyQpKzGicAC.jpg,tire
VvtZCDY6QjF7M9c.jpg,circular fish trap
VwvxEI0Bt95PrTp.jpg,fish net
Vx1TaQgGrpNHYLG.jpg,tire
VzfgOpJbjacd3sm.jpg,bundle of ropes
W0D72oD8JcKQnLz.jpg,wood
W0L3vs3JaSiGNV4.jpg,eel fish trap
W1XX4DDQS81IMf5.jpg,wood
W1rQjTY7lHceHCF.jpg,wood
W1ynA1m0Dc7EKxc.jpg,tire
W2oxhbSpddDinyq.jpg,circular fish trap
W3b7MhsFyvfNK5F.jpg,tire
W6iYFlcK6QThDtf.jpg,spring fish trap
W6llmYdEsSl7kfa.jpg,bundle of ropes
W8XCpx9QjvhI61o.jpg,wood
WAxZwgNYT3GKkpY.jpg,fish net
WBVozo6Q27UJrt8.jpg,rope
WCtoAbVYukqRWwV.jpg,tire
WDewEcOh7obqOaZ.jpg,tire
WIgftK0DogZdFse.jpg,wood
WK5YVsRVP1wXP8h.jpg,tire
WMriTbkmzxt1FKm.jpg,circular fish trap
WNxlxSSdtiWgEz1.jpg,circular fish trap
WOr0DczF6hqokvg.jpg,wood
WPiKN5XU5xGzRUp.jpg,tire
WXSEt0GEW7ZWdek.jpg,circular fish trap
WXexaKt2H69Tm9R.jpg,spring fish trap
WYBZMCX0sFpX9MO.jpg,spring fish trap
WZF6IwlqRDdH1uy.jpg,tire
WcUCS3sbiZEiP97.jpg,circular fish trap
Wd2ZyMT71YsGa28.jpg,wood
Wd9gr7obZGExlRB.jpg,fish net
WeOlJLy1dJvKJfU.jpg,spring fish trap
WhIJqPrpldDnQO9.jpg,spring fish trap
WivtHNP0jAmcgvK.jpg,bundle of ropes
WkAwn2c1LJdjKup.jpg,spring fish trap
WkfR9jF5FEEyL0q.jpg,tire
WlrqdP7wftMdy2g.jpg,spring fish trap
WmUNqvoDbRgfECx.jpg,eel fish trap
WndcXEzVDMfOuWB.jpg,circular fish trap
WnpeHzZqGxlY7zH.jpg,bundle of ropes
Wp78XsjzeRuevDP.jpg,wood
WsjtzxXmsW3x07D.jpg,bundle of ropes
WtreXo1IgA4JjvI.jpg,tire
Wu5OPk6O5xMeJuO.jpg,wood
WvPwaBHYjzCYtK2.jpg,spring fish trap
WvSF9JYYWJL1KlP.jpg,tire
X0uQDUVyt7uEY1o.jpg,spring fish trap
X2Z3e7MgJdihblq.jpg,bundle of ropes
X41ePGY6vOYLUgR.jpg,wood
X51AVfKXzMaumxe.jpg,wood
X5R1d6FSbRtO5EH.jpg,wood
X6kAsoiPaHlcW7X.jpg,wood
X96twfh5lS8FRVG.jpg,wood
X9kOLTPvNZlZfQt.jpg,circular fish trap
X9qtpDcQwHpnyh0.jpg,tire
XB8DBej8xy7T9Uo.jpg,tire
XBRYLwSZ8den6js.jpg,wood
XDpbel0gJoGmitx.jpg,spring fish trap
XE32xczReeaXyr1.jpg,spring fish trap
XGIUv3hy5y2tLc7.jpg,tire
XI5Swd9foufox3i.jpg,wood
XINROoGG57UwP6B.jpg,wood
XLGLgJBBAz4p0rl.jpg,fish net
XNwjpqHfIZU8DhC.jpg,circular fish trap
XVdOpV0VSMh0lmM.jpg,tire
XWZzdOBdtSH2ff0.jpg,wood
XYp1l60fKwXOS8m.jpg,fish net
XZ3SW5r6PpDJ30Q.jpg,wood
XZFsxSEVgzHrpD1.jpg,rectangular fish trap
Xgp2ubUIVrfj9TT.jpg,rope
XikEiOY2Ytzgbxe.jpg,spring fish trap
XjvWsrtcOEtgfX4.jpg,tire
XkWADOyNSzLDxSI.jpg,wood
XlUuAjqoiS62dmF.jpg,tire
Xp3VcAhX7Hd4H4B.jpg,eel fish trap
XqWfHpdRtaBba4X.jpg,tire
Xu05oJGBHz4E1CS.jpg,tire
XvFB6lCIF3OJkDJ.jpg,wood
XvjunkoQpNMmXlk.jpg,fish net
XzeTRgWNOMeePCM.jpg,tire
Y3JeKNGotnaBWaR.jpg,tire
Y4M5lSkFxAqzfIX.jpg,rope
Y4UZW3rUZjx1hEU.jpg,bundle of ropes
Y5Weo9cRfVgjrKp.jpg,fish net
Y8j73Carv0UhNus.jpg,tire
YF5TvoSfAsG55dC.jpg,rectangular fish trap
YG1oUWHvzlA3GyV.jpg,circular fish trap
YGOB6MIP4HcQLtR.jpg,tire
YH7QMMk1Ww6WNUu.jpg,spring fish trap
YHFKhlOIHxPz8sy.jpg,circular fish trap
YHsfKOcQpPUJOSm.jpg,tire
YJD39N4UixJv6M6.jpg,wood
YL9r1vOYDXCqHBi.jpg,bundle of ropes
YLm9kKTgOJ4g69m.jpg,spring fish trap
YMWBGEAGORHPidn.jpg,spring fish trap
YNDcXSuIv25aZQ7.jpg,spring fish trap
YQ35gVtDuntRHFg.jpg,eel fish trap
YRtbOrsJHh5BBXJ.jpg,circular fish trap
YWAH3cYwJ8bAFRp.jpg,tire
YXkvKoota5wViyP.jpg,wood
YYPZvcgwL9eE5oR.jpg,tire
YYo2J3HqMrKON1N.jpg,wood
Yak2qUFmAvmcjGU.jpg,spring fish trap
Yb5PqMy2i1lGZFL.jpg,wood
Ycr61V3FmQiTRb7.jpg,wood
Yeok6Pz72toehfD.jpg,wood
YjeRB2Ie4P5iBGc.jpg,spring fish trap
YkYZfLoqBcWlFnm.jpg,spring fish trap
YmSoedFQ9eAabsi.jpg,wood
YnJE5aoT1HhlrcH.jpg,rope
YoKZuKb5xeKId8m.jpg,tire
YqzqCLlaUKMx0aX.jpg,wood
YrMsAKSGOOw2bEJ.jpg,wood
YtGbEDZx4KMpeZH.jpg,wood
YtmjOJxdBaZ7oob.jpg,wood
YwhTNltZdkmP8fJ.jpg,wood
YwnS7iqoCLl9kr9.jpg,wood
YwwCMeF642VOHEf.jpg,eel fish trap
YxKRlsFWc33C4u3.jpg,spring fish trap
YzJuehgJpxBWAhZ.jpg,rope
Z12soVqThuNaSZ2.jpg,spring fish trap
Z2PGkG6vTdB1aU3.jpg,wood
Z2aYjAxHYQUevYg.jpg,wood
Z3BOMEPp1zTMjsI.jpg,circular fish trap
Z5ForXU9cEBBi69.jpg,wood
Z5jEZEVXUa2iqsJ.jpg,spring fish trap
Z68tga6V1nnXpRR.jpg,bundle of ropes
ZAy7UsDGcQBmAsV.jpg,wood
ZDw9sGuB8cs4WbM.jpg,spring fish trap
ZEIEMmRzI1s9xmP.jpg,eel fish trap
ZGIKKc9jafoJoP4.jpg,wood
ZLDwBdv811Bpqu0.jpg,bundle of ropes
ZMEE1uXtrK6PA33.jpg,tire
ZMtyDKTWzCA9ZBC.jpg,rope
ZNCX4dqk2sBXl6l.jpg,fish net
ZONcNlDvVR3KH5x.jpg,wood
ZObe37Spss4yxGK.jpg,fish net
ZPpK5xEF9lfoMXL.jpg,tire
ZS6YAPTkRQzEok6.jpg,bundle of ropes
ZSz4p6CCEPYxBaJ.jpg,tire
ZTEe9EdCBNM4fzK.jpg,tire
ZVKKJdrSbfX7IXA.jpg,spring fish trap
ZYN1I315roQwyDX.jpg,tire
ZZyPpQDIMTRjbXl.jpg,spring fish trap
ZbJ0ySlsPRSlzUt.jpg,circular fish trap
Zcc5KPoM16nO8Kt.jpg,circular fish trap
ZcqE0MByJKaTrl5.jpg,wood
ZeURKDjVxaswtPM.jpg,tire
ZkQAu6MjZQoLBZi.jpg,tire
ZkUphsnf3rQNs59.jpg,spring fish trap
ZmaLisXKpmktYfY.jpg,tire
Zo7dnkZMuC3QX2o.jpg,tire
ZpWexSsEauXtWqc.jpg,tire
ZquUYQGnwTPUZSk.jpg,tire
Zs6z2ByqBR6kFfJ.jpg,bundle of ropes
ZsYd8BFWMi9kOJX.jpg,tire
ZsZlDWWj7lhc91T.jpg,wood
ZymWs1fuDjvngSr.jpg,spring fish trap
Zz3XQFCraoXoI1X.jpg,tire
ZzB5NSlSSngNjwE.jpg,circular fish trap
a0fZ3JKCAcCxTyB.jpg,wood
a2wrBGti81uMazi.jpg,rope
a3vOHMJEltYRRMN.jpg,spring fish trap
a51Mek71WBLQtI7.jpg,bundle of ropes
a5Djw9zTgYo1uJp.jpg,tire
a5JsNSZExLlqGQq.jpg,wood
a79Ub59EOZMjpqT.jpg,fish net
aAGAzKdXUt7T2Tc.jpg,tire
aBCNZJ20QE6dkBT.jpg,wood
aD0881ytEWP0K5l.jpg,circular fish trap
aERwmfoOp7Vn9Il.jpg,fish net
aH0NDP6vrByyBFm.jpg,spring fish trap
aHQ2rC0pSk9TJ41.jpg,wood
aLIrBeUHp5eC5GG.jpg,tire
aV0t50QjWurVHIA.jpg,tire
aVcMO4EMfYP6aOP.jpg,bundle of ropes
aWO6mnWb7zJ8iV6.jpg,circular fish trap
aa6Z83koEumLO9u.jpg,tire
agLMYQQa2pXPTOO.jpg,rope
ahRtM4tYkDIpthq.jpg,wood
ainQYd51l0la58L.jpg,circular fish trap
ajQJEdpkMnBi0Jj.jpg,spring fish trap
akNoysbnJSKPedP.jpg,tire
aoS1ZvwyfI4Gi8N.jpg,tire
aoTWPQgv2JDYz99.jpg,wood
aq5Cqly3XMecgoy.jpg,rectangular fish trap
arHzKr1mF3HhpEp.jpg,wood
asov0PGJAMFfuVD.jpg,circular fish trap
auH9cAzmg8WYvwA.jpg,spring fish trap
avbYiepuAkXWxJn.jpg,tire
avh97bcj8yIKOqv.jpg,fish net
b1QlolQflwOzchz.jpg,spring fish trap
b1dyBeXAcVF4e0u.jpg,circular fish trap
b1fKy5ILfo3RZ7G.jpg,spring fish trap
b3kr8p4fXvmifxL.jpg,wood
b40bYE8ypILpgWd.jpg,tire
b42wiIJQAzjw5JK.jpg,wood
b4KC42H7Df5UwWT.jpg,fish net
b7e2HQgvJwGgyy9.jpg,wood
b81Q118i7i7KbA4.jpg,wood
b9gaK8gu5RqDBEL.jpg,wood
bA5pSv25rSpTo3s.jpg,bundle of ropes
bBsXVXFnFTDRnEK.jpg,wood
bCijpOM8OVeAlkc.jpg,tire
bD0HAgmykrjrr6o.jpg,fish net
bEcexkAB0cxw453.jpg,eel fish trap
bHDUTS7RPNI5uJO.jpg,wood
bILyRw2hH7R4sZ7.jpg,tire
bIUErP0SjopagwJ.jpg,wood
bJN3zCoAdABdmVB.jpg,eel fish trap
bKnW3xJCXxLuuvn.jpg,spring fish trap
bNf4v7DU5zRKAQX.jpg,wood
bRpI4W99c6UfslN.jpg,rope
bSQZqccWDUc0b3R.jpg,circular fish trap
bSzrH33F3ihVyzu.jpg,wood
bUtyY5eiDwUvAqh.jpg,bundle of ropes
bWnNm99RxdJCVne.jpg,wood
bXyesxKSHhEAP4R.jpg,fish net
bYBG3YKPdwqTZN1.jpg,bundle of ropes
bZLPBXPBEZoYVaO.jpg,circular fish trap
bar7ywmuCI9qXe3.jpg,tire
bbVm4JzQPnkmrPF.jpg,eel fish trap
bgtMEjL2eATg5SM.jpg,tire
bhjSIgJt1Kb9nXq.jpg,tire
bhobbnzhAWzx1iQ.jpg,wood
biZN5UQPcBwGBkr.jpg,circular fish trap
biZohY80kS2WWnb.jpg,circular fish trap
bilsBPRYSdM51MW.jpg,fish net
bk4mAdVcjxIL12Y.jpg,tire
blZcKsfRPbD17Zo.jpg,rope
boJ4OnAGO0gIxNp.jpg,circular fish trap
bp9ccWLOYRqwE50.jpg,fish net
bpMZZY1UlH1OHYg.jpg,circular fish trap
br8yRPmzeOqCLYF.jpg,spring fish trap
bs5C12UkBBgkAMx.jpg,tire
buPQ2wTcKLojAll.jpg,tire
buezp6qqlD9gT5Q.jpg,tire
c03EwNTUD9jlT3P.jpg,tire
c2x0lae3D8A3vpT.jpg,tire
c9cOHeSsGUbTgby.jpg,spring fish trap
c9dVpeCBftL8JmH.jpg,wood
cDNqyXcUwgNay7p.jpg,tire
cE5CnJHXxtHefiY.jpg,tire
cGaY5XJqP7SmyC4.jpg,spring fish trap
cHCF2RaH1g4d12n.jpg,wood
cRB79TIWAkMGDWZ.jpg,tire
cbrHTghdiILZFPu.jpg,wood
cdqyYxR6j7hNmlZ.jpg,tire
clmFf0anaD33RgM.jpg,bundle of ropes
cm0tw5nmDPbNkQ3.jpg,wood
cnFrtiiWkvKxDNl.jpg,spring fish trap
cpVVgda9IVFygwZ.jpg,bundle of ropes
cpoU8DwHDqBcrfc.jpg,tire
cqHERn9yNJ6szhs.jpg,spring fish trap
csFbxqkqBFVl3TO.jpg,bundle of ropes
csnFR3jkNkuMu4C.jpg,wood
ctEWl3ZdW2TENTp.jpg,tire
cuFXaugE8F0il85.jpg,circular fish trap
cvVDlLu3Ao54bNw.jpg,wood
cvfA5nPMJwHttiA.jpg,rectangular fish trap
czE7uB3usa2QNuN.jpg,wood
czSKmxybCyw83Ef.jpg,tire
czkI9qBsM82NGPp.jpg,fish net
d1fS9ddsXQ2AJXQ.jpg,tire
d260aLCqKRg3Oc1.jpg,spring fish trap
d4up0nDnPNHKWOO.jpg,fish net
d7GPpTCCRwkXDJm.jpg,wood
d8791p0gR4K4Xam.jpg,wood
dBeQPwnle4K97JH.jpg,circular fish trap
dENvUl1R7Ag4J7Z.jpg,spring fish trap
dEprnhK8Gsfbudl.jpg,circular fish trap
dF4UTfc4gPAeAPQ.jpg,tire
dFt9uGwv040u3vD.jpg,wood
dIPQefn8z9TxV9q.jpg,circular fish trap
dJLi9wcL5iC4TQa.jpg,wood
dJXD7E9AldEZtSy.jpg,spring fish trap
dLdtHjK2sORnWK2.jpg,wood
dN2Vvv1obgI7eXv.jpg,tire
dNEw5OeuJgOOMaG.jpg,circular fish trap
dP7YPhRlQU0VLxk.jpg,spring fish trap
dPG0DeV7LvFMyGg.jpg,spring fish trap
dS7eUrdogdjM90p.jpg,spring fish trap
dTZXQArgtRLigQC.jpg,circular fish trap
dTfUstnRZGxXUCd.jpg,spring fish trap
dUfwiwPBSv7F0fh.jpg,rope
dZ9AtvaZ7oOCNSE.jpg,rope
dZfOaRtDKq5R0NV.jpg,spring fish trap
daSjw2Rstif058o.jpg,wood
daSpRU8hfMSRXci.jpg,wood
dcnNrLup9eWkgSb.jpg,tire
dghPU1k9SBZ3Pkj.jpg,wood
dhnrtBd8UuUSdQf.jpg,fish net
dj8rfuMnZAkJiX0.jpg,tire
dlTliqD403l9OvD.jpg,tire
dm1tkr02zpe4G7R.jpg,tire
dnLD7qupeF4j2jY.jpg,fish net
drFcnC8IGpwXyhx.jpg,tire
drVC0kfeoN0lEz2.jpg,tire
drzb4dSgRIxh4aR.jpg,tire
dvgu3RvkpNfW8B5.jpg,wood
e6aOmLDdMAboBp4.jpg,wood
e6v5TLyrZHzx9G2.jpg,circular fish trap
e914efq64j3aSmk.jpg,tire
eABKzVTXFjH3urT.jpg,spring fish trap
eCLApxbyZyABUSl.jpg,wood
eEOKF22MamePd4c.jpg,spring fish trap
eGCcKSnyO3StITR.jpg,tire
eGEfuqNZ4Dhnf8m.jpg,tire
eGjAcjLIR0AhynK.jpg,fish net
eJVLyFbJrlg0FYt.jpg,tire
eK10Mrza4Qb0xDx.jpg,tire
eKwbY2hbSKqTHU6.jpg,wood
eOtMRAb1q1Fp3mq.jpg,wood
ePW6RgtgBX0e7LN.jpg,circular fish trap
ePiSnQUlUt2vJig.jpg,tire
eVNPRnl3eAVRVld.jpg,tire
eWyiLYNUfDBwopV.jpg,circular fish trap
eY9ME9KEfPxaeft.jpg,wood
ec04SaN5P7tZMcr.jpg,wood
ecLp8Pf6V5jKsMP.jpg,spring fish trap
eh9wJchT7wXErpb.jpg,bundle of ropes
eivxiZoCaQCehUu.jpg,wood
ekyuhli9Tnq8j0V.jpg,tire
ellzO1eO0e3MBDW.jpg,spring fish trap
engetvdqCd0p1P3.jpg,wood
eniZ1dXeQi9ezzn.jpg,spring fish trap
eon529wdQEoQ82o.jpg,bundle of ropes
epb2BpLd59RVtIr.jpg,circular fish trap
eqJhXHOY2svnVT6.jpg,fish net
erI6CTUxsGjtixn.jpg,wood
ezfgmbElRX6Tp8S.jpg,wood
eztDqtzzGRLOpeS.jpg,spring fish trap
f1tvWRUknnVJwYw.jpg,spring fish trap
f7d9kQS1fj7VjsF.jpg,wood
f9Rb259RE7nwwR0.jpg,eel fish trap
f9ZetJ6X9NoOSKa.jpg,spring fish trap
fCFF63lSDmBPHdJ.jpg,spring fish trap
fCLHzMCofIZfJ2a.jpg,circular fish trap
fEGTkDaci9JlACD.jpg,tire
fESmWpi61A00Pbz.jpg,fish net
fEcS26IdtMcydve.jpg,tire
fGzmTn27tDB9OyF.jpg,spring fish trap
fHouDTYzLSux2gM.jpg,bundle of ropes
fIY923noN0ju2L4.jpg,tire
fKT5SbrDnYZsv8e.jpg,tire
fLGIp4GPrUMY9z2.jpg,tire
fMPZ74HK1N6Xucm.jpg,tire
fQWiFLZAFrm42Cu.jpg,wood
fSC24E7Y49ruAGH.jpg,tire
fT4IzGXVzJt8MsZ.jpg,circular fish trap
fTM9PyqtZP1jwIB.jpg,eel fish trap
fU11cgU8GHhWZBt.jpg,wood
fXp0q6rQvhccLO7.jpg,spring fish trap
fZfOgiq6rbNa6Dj.jpg,bundle of ropes
fZzjarhguets6tp.jpg,wood
fbDKMKTW2vBWt2Z.jpg,circular fish trap
fbgbexisEjUzhjz.jpg,wood
fckwx2u3jYkEmIH.jpg,tire
fdZPx7KC2i0DHke.jpg,wood
feEHGpu2oV8JU61.jpg,spring fish trap
fhGpfdHjc25S3NN.jpg,tire
fhIDysJt43q9RL9.jpg,circular fish trap
fhysDXMTo29P73F.jpg,rope
fiaiBdA1qEzOhoT.jpg,wood
fj3gIS71wCPFm4k.jpg,tire
fn1eT2xkgFkAQyf.jpg,eel fish trap
fpWsyT0V38Oqxm3.jpg,wood
fqGQFB5gBgHVK5T.jpg,fish net
fsUnMcudMjN8eE2.jpg,spring fish trap
fsgw6uxlVNNoOTU.jpg,bundle of ropes
ftjmlQCsAbaMIAM.jpg,wood
ftmAyakeUFSRY2b.jpg,tire
ftvUPts8G8ZlP2h.jpg,wood
fz03h6qA8ctGeQT.jpg,rectangular fish trap
g0biStNvjgtj4LL.jpg,circular fish trap
g3opktI41L1Uox2.jpg,wood
g45cbYSUnWTULvp.jpg,bundle of ropes
g6a8b68aKXDvuJC.jpg,tire
g9xI2qni36ek71a.jpg,eel fish trap
gAMouZUl4sh1yPv.jpg,tire
gAoavKkXmmL4pDm.jpg,fish net
gCAun9f8hDmGLIV.jpg,wood
gDlmZLXaqxBt8II.jpg,circular fish trap
gEYvs6WefaB9tAA.jpg,wood
gFpaI8KqjwnlwMY.jpg,wood
gIYOz4t7VpmQ8EM.jpg,spring fish trap
gJXMmGXjUo5u4zr.jpg,circular fish trap
gLbMcaj3DISI4PL.jpg,fish net
gOaZSqURrjfjqiK.jpg,bundle of ropes
gP2IjFgtQvdjRc3.jpg,wood
gQupMZYJcqOE3Dr.jpg,tire
gRtabnTX4MYmqbw.jpg,fish net
gWneeUFFrx2X0AH.jpg,spring fish trap
gX2tXU2D7LdkIDA.jpg,circular fish trap
gYIskZY3qy19Wg2.jpg,circular fish trap
gYeNAC58EZ74Jtb.jpg,tire
gZIJPzvTRpW0kaG.jpg,tire
gb1qh5BShWqCwFw.jpg,circular fish trap
gcrWFI0Tnbd0mRn.jpg,spring fish trap
gdEaunrkxsTiYSh.jpg,bundle of ropes
geBf6ET0OMCXSvV.jpg,wood
gfrsHmxpmcUwvuk.jpg,bundle of ropes
ghKn8DvbaTibZbL.jpg,bundle of ropes
gla0tiMjPn0q2dt.jpg,fish net
gm67CT7i4RsInjd.jpg,wood
gne7qCoGanoFreL.jpg,tire
gp1ayhbChxHSSg8.jpg,tire
gpsEXeor4xpF5JT.jpg,tire
gqihRpUHOZmq4nQ.jpg,spring fish trap
gqz7FUTykByRhdo.jpg,spring fish trap
gs9dWJNbgOzAgRM.jpg,bundle of ropes
gsXq1yNVJNekWeN.jpg,wood
gtUyzihlEo489ND.jpg,bundle of ropes
gu7XSNGQTCdviOA.jpg,tire
guX7VI0qhDmmCg8.jpg,tire
gut7CnNqua6BCdR.jpg,wood
guvyrY7vNRAX6ov.jpg,spring fish trap
guyY3VoNiMydGmI.jpg,tire
gvovjQ4tqnEqET3.jpg,fish net
h0Q0EKsc6JpCkUD.jpg,tire
h1IPnUN6dPrlT5G.jpg,rope
h237T3BjzH21Dps.jpg,tire
h26BkGpfTu0h3Kt.jpg,fish net
h5zmzcjO8GjBg0b.jpg,tire
h9juoUeO1shsOGk.jpg,bundle of ropes
hAnq67FuhVFIKQV.jpg,spring fish trap
hBYo1n6iSj2cp0a.jpg,spring fish trap
hCD8itCWFpI4qAe.jpg,spring fish trap
hEUVn1kZfH6NWW1.jpg,wood
hErha6xfDbQ1jss.jpg,rope
hHkifVNwHE1HJRI.jpg,tire
hLGrY9XKc7DzLEr.jpg,circular fish trap
hLsOKKBZlCDc74v.jpg,rope
hMkLKY26AceUS1y.jpg,tire
hP5EQCPOoaCTUi2.jpg,tire
hP9NQl5nc1rQBWU.jpg,tire
hTnXxOIUSftjjjH.jpg,fish net
hUI86YWFMvfWcv2.jpg,tire
hUdmLVcjd5p0avJ.jpg,wood
hUmEUrTjh8QUOYd.jpg,wood
hWDLsLigvXn5bti.jpg,spring fish trap
hYMISswFm1tZ2U2.jpg,tire
hYnh4VA0pPnVnwI.jpg,wood
hb67OrD1rvPgTzX.jpg,tire
hbLx1jbFzVGHeOn.jpg,wood
hcahAqF3kuXMNtF.jpg,wood
hcv6U8VUNmvcbDO.jpg,rope
he58nM46xBXOrFq.jpg,wood
heOvxmivdo4kMXA.jpg,circular fish trap
hfC599kHR9HmpnD.jpg,tire
hffp4dNi757JzBH.jpg,fish net
hgkmrBLjLZudE6H.jpg,fish net
hiO9MrCIvvdyuTu.jpg,spring fish trap
hmLM0k8HyuXXaZk.jpg,tire
hmi3zDYDvWp6HzN.jpg,wood
ho53hGohjWnIwQN.jpg,bundle of ropes
hq0RLFGqzqmcZkI.jpg,wood
hqlhulHChm9m76Y.jpg,tire
ht3XbPqIAp1IxnL.jpg,tire
htmlLpyQXAAP6Rp.jpg,rectangular fish trap
huMJlN04YsFGeZp.jpg,spring fish trap
hukpo5G5adbJlIp.jpg,wood
hv2lTSvydfFTOoM.jpg,tire
hvEllCVevY40FQa.jpg,bundle of ropes
hwHLpA7uJh9Wroi.jpg,circular fish trap
hwMKE8oP4ef3N9u.jpg,fish net
hwXchqwK6jW4IV7.jpg,fish net
hwlWpv3xf05VpaK.jpg,eel fish trap
hwotZkuU4tFFj8e.jpg,tire
hwt6lQYXuYeP7XD.jpg,spring fish trap
hyawIhai9YOTUg7.jpg,wood
hzaSJtSTjLBOtI3.jpg,wood
i1ZBnGOgrMiElMi.jpg,fish net
i1mFmRy7KfzqoFt.jpg,eel fish trap
i354WoNdv8ArZpf.jpg,wood
i3gxf7YpwurKZIO.jpg,eel fish trap
i6VsTgPKCjsl7Tl.jpg,circular fish trap
i98bfbnfFwhmzSN.jpg,tire
i9ESrhX5kMtG2If.jpg,circular fish trap
iCArskeaWE9uEVM.jpg,tire
iDkpPWOxGlR1VP5.jpg,tire
iDr6VZaUqRbFZgD.jpg,spring fish trap
iEuiprbDEfIyk3g.jpg,tire
iGrPCKj2zEL2Vns.jpg,rope
iNpKrOEte3kuwRn.jpg,wood
iONKlTb1EwKAjBw.jpg,tire
iPGzp2Y2Wg7GPkx.jpg,tire
iRqUIoOJWISqerN.jpg,eel fish trap
iSZ8EtJlkqTcAI0.jpg,wood
iVfjq30xxHyuyKd.jpg,wood
iX5FfLWdTPdzfWj.jpg,fish net
iYjlLJ6qrSn6nR8.jpg,circular fish trap
iZ6UGVkUw5c5y4d.jpg,fish net
ib6pmPFzQX4uhFL.jpg,circular fish trap
ii3VDTapf8jFBeM.jpg,circular fish trap
ijUJd9H1Lbh3g6p.jpg,wood
ijsQHH3WQ1Q6tRR.jpg,fish net
ikjyk3cGBs0Ge2R.jpg,wood
il31nKyhskYwwsp.jpg,spring fish trap
ilxeG0U58GvfcJD.jpg,spring fish trap
irItsa6UT3qnXX9.jpg,fish net
iryceNDIm0quk5W.jpg,tire
itQSLVcnITYoCM8.jpg,fish net
ixsxsl4N42Py71x.jpg,tire
ixzvv4DsA1iM6Pg.jpg,wood
iysPw9ZDpkfn0AL.jpg,fish net
j0bbBU3ctHb2mJu.jpg,tire
j5sMc7D7RbLgkvM.jpg,circular fish trap
j7GyOnhB2wmYMNs.jpg,wood
j9Irh7iDzDy0eUQ.jpg,wood
jA2IzRD0Tleq2mJ.jpg,rectangular fish trap
jAVITUmf4JdugE2.jpg,tire
jEiqGIoVIxbiYKU.jpg,fish net
jI1GPRD67watFpP.jpg,circular fish trap
jI8Ccmo1oNg10Iy.jpg,tire
jIJozfa55ZWiMnZ.jpg,eel fish trap
jJvtgnnFYoZJbVt.jpg,circular fish trap
jNVx4Heuz8ntz4M.jpg,rope
jP7BKLS6tKIBYvw.jpg,spring fish trap
jPH3Sc6xYuCdkSS.jpg,tire
jPqHnxFJkLHXf04.jpg,tire
jQMwwH8UzEPIgrG.jpg,circular fish trap
jR2VurQ1XmrNW8B.jpg,spring fish trap
jS04Oy3E1I6Vqu1.jpg,wood
jSDK5P8IDZPMUjM.jpg,wood
jSnxQhlbr88Bt2y.jpg,tire
jXBFuERHcjE4Rm5.jpg,tire
jZ86wslDL1rkWab.jpg,circular fish trap
jdvUrZiA0etiSgX.jpg,circular fish trap
jgzQ0WvanGD59wM.jpg,circular fish trap
jh9kGqMtZSiV0qH.jpg,fish net
jhqXKEhXKLXY2O2.jpg,tire
jjTiKItE58KkUJZ.jpg,tire
jlZWFopE5uBffve.jpg,bundle of ropes
jmawdDrHBoLvZP5.jpg,fish net
jniQn7JvMXMah3j.jpg,wood
jpstynRhygIt4v6.jpg,wood
jqzxFcosH3KWhX1.jpg,bundle of ropes
jw26LW6pB9PwfFj.jpg,tire
jzKXJKpkU7eeMNO.jpg,wood
jzLcPvdu1Rwi14B.jpg,circular fish trap
jzhSe2VZr7LB2XL.jpg,circular fish trap
k0V6AzkhdFCX52E.jpg,fish net
k2fDPOu45bPCrK9.jpg,tire
k3RmfW406tK9Y2g.jpg,wood
k3gse2S6R7i12vf.jpg,wood
k5bTnfVPMwf7KbP.jpg,circular fish trap
k6iP22EJIQB2WSm.jpg,bundle of ropes
k7lr5HcTDz9Vnxu.jpg,bundle of ropes
k8usiWAQmHDj9VA.jpg,wood
kAbIhIz0C3LbeOU.jpg,tire
kB6T7Yq4KUcbq5D.jpg,spring fish trap
kBNhaoW3ltt3sOB.jpg,wood
kE3Im6o98Cvcp6P.jpg,tire
kFL8gjAYknvRpu8.jpg,spring fish trap
kIN8AveUOUHS1z4.jpg,tire
kJCYPkxZjW773a1.jpg,rectangular fish trap
kJNyCWnSw9h2w7Z.jpg,tire
kJYgBmfqMvedjYF.jpg,wood
kKWQKdbgTZxQojm.jpg,tire
kLsLsuxbTBuklpP.jpg,wood
kMr8qgV3d1MkpEM.jpg,fish net
kO0nMcnp1Mggq4y.jpg,tire
kSA0QrX36YcmJGE.jpg,tire
kY5vTq07PdTrAUz.jpg,wood
kYpqswNbYzLtROi.jpg,tire
kbJY4ouoSu95fle.jpg,eel fish trap
kdbVNU0w5UpMBaA.jpg,spring fish trap
keXB4YxvIyzpSow.jpg,tire
kf2sCy7BiYE2gup.jpg,tire
kflHxFAEfT53PHN.jpg,wood
kgxdwp78X58Lr6S.jpg,rectangular fish trap
khMVM8ZaicId95F.jpg,rope
kjWsHDkVkz5w4il.jpg,circular fish trap
klt5MAllZWTmhnp.jpg,wood
ko1GziltXidEZ4P.jpg,wood
koMqiQfATMUOIBU.jpg,spring fish trap
krlXXFnTHEHCft2.jpg,tire
ksTeBXOyGOjsfG2.jpg,wood
ku0GR5mUiBaDpF6.jpg,wood
kuuEvchE5SwWaNg.jpg,rope
kx1U4yUA4sbovxE.jpg,circular fish trap
kxQ8eovB9AisA4C.jpg,circular fish trap
kzEzpBTdDMQXm8f.jpg,wood
l1ng05fbXMDaoFY.jpg,circular fish trap
l7bRosRswu8B0Gb.jpg,fish net
l9RE2m4ymDRqjmQ.jpg,tire
lBO6ufIeF9lbfh1.jpg,wood
lE8jbFL6Sy4pwCG.jpg,rectangular fish trap
lHdEcvMZp5upS0o.jpg,tire
lIX1MNUga5dJmV6.jpg,circular fish trap
lJZc0L99tYwG9tQ.jpg,tire
lNyw5GJQaDoPtoB.jpg,rope
lOqji1dC3wbrroq.jpg,circular fish trap
lQUhFAq0cVKIrrQ.jpg,wood
lQYoJFgGG62tCAQ.jpg,rectangular fish trap
lRHh1Ia0rBIxvtS.jpg,wood
lTZ3eilvX58l0US.jpg,bundle of ropes
lVRBwINhu5j87gs.jpg,spring fish trap
lVeT3TOkyPVzQDZ.jpg,circular fish trap
lX9SQvJrI87en6S.jpg,rectangular fish trap
lYb9ofiGxRgKS7N.jpg,fish net
lcugJkhOMRiEzPf.jpg,circular fish trap
le1b2uub4gfBKa0.jpg,fish net
lesfvKMpLRMsYSb.jpg,rectangular fish trap
lh4Jv0b9FiIFu1a.jpg,tire
lkBPvj9i5wx5zVa.jpg,circular fish trap
ll6YnzlsBb1AorT.jpg,spring fish trap
llQpHIhuYtRToBD.jpg,fish net
lmqsJC9HqJj0Tv6.jpg,wood
lob5TAI20RENtxK.jpg,rectangular fish trap
lozHSRnNHRUNaMW.jpg,fish net
lrbWldverlvIcuA.jpg,fish net
lsDWxyz3PIIawN1.jpg,rope
lwk9zV9VtlT0Eys.jpg,tire
lwl5hitod98ICkN.jpg,tire
lxRMAbR2nP8vzQH.jpg,tire
m3lAnPHyjzyfWHo.jpg,wood
m8spS46rLzPTcvY.jpg,tire
mBzivIYlP3kv9zL.jpg,spring fish trap
mDMNcMkmCYcod63.jpg,tire
mFv7TYfor7nr0Jv.jpg,circular fish trap
mHG2vz5WwXUa1w2.jpg,eel fish trap
mIejbdgRazM0NZ8.jpg,circular fish trap
mNJfSYMU2N0ioQq.jpg,wood
mOWMklU9xVJDVua.jpg,tire
mQMkNd6BR8L5ku6.jpg,tire
mTUTfnJ5y9HTbXt.jpg,tire
mVugenjFwEDHLah.jpg,eel fish trap
mePMxZFTA6m4G1p.jpg,circular fish trap
metR5cG1TkwsdQb.jpg,spring fish trap
mfPFN0JRAUEOTmz.jpg,circular fish trap
mgJftUUAzfyGrtG.jpg,circular fish trap
mguwfjmqSiZIPAG.jpg,eel fish trap
mhA2yjzmqAMbSEC.jpg,wood
mhtzDUGLHJAaL48.jpg,wood
mlMF155aDqjqiPs.jpg,fish net
mobeMv8UiLymqAq.jpg,circular fish trap
mpaYoDXbSY0rP4g.jpg,rectangular fish trap
mplD9uxgv3ZMO6x.jpg,circular fish trap
mrHuYwPO9INxmCw.jpg,fish net
msWqkL6zWPesqUl.jpg,fish net
mtHYlghyU0UhSf1.jpg,fish net
mvEoyFD9XXWhr5i.jpg,fish net
mvGACcYipoLGIhD.jpg,wood
mwQOkrWcpsW9dRV.jpg,wood
mzJqm9ocy8Pvhzx.jpg,spring fish trap
mzdn4WTCN0p17Gx.jpg,rope
n00FYfj6PfLUSpY.jpg,tire
n2MvAx1REKLgK8K.jpg,rectangular fish trap
n2s11EglVy4vdaC.jpg,tire
n479Zc9HvsnCmDh.jpg,wood
n5j2HQH96ix0rZ4.jpg,spring fish trap
n6V1iFnImDJTqx6.jpg,bundle of ropes
n720r2wmWfhZP54.jpg,tire
n7oVBqL5uzAHmH7.jpg,wood
n8CfNDZUxO5gMPg.jpg,wood
nB7NPCBT2Yr9Yig.jpg,tire
nCEl7Aw3V9TBmix.jpg,circular fish trap
nCN7Oqztl0gy7MG.jpg,wood
nCwpEbGeErPog1B.jpg,tire
nH7YLcrHwWF90Ac.jpg,spring fish trap
nHQxAQ1ymRu0zFB.jpg,eel fish trap
nKa3hNOrdEtmyPy.jpg,tire
nN0LtuMIMs5dkKm.jpg,tire
nOReNGaTT4tlV9m.jpg,circular fish trap
nOsi7xeThqxxnnn.jpg,tire
nQMwWFKPCYKSa3k.jpg,wood
nQSeegW04eATfXl.jpg,wood
nQfPKgnnQ04kNMX.jpg,wood
nSjLiSZKSpXCCJT.jpg,wood
nT4QFIAyK2F85r0.jpg,wood
nT8qyM2HpvLapms.jpg,spring fish trap
nTvF9PmgeTpKio0.jpg,wood
nW4hPslbVC4mNfU.jpg,circular fish trap
nZCr1u49ZGtR5N6.jpg,wood
nagrGgAhnQB4qlb.jpg,wood
nayWdFqjaxFEemq.jpg,circular fish trap
nb5F8obq47mFo4V.jpg,circular fish trap
nbYq5DWdS3tdy1h.jpg,tire
nbxPT0SKBs5IdC5.jpg,tire
nc4YIFJBgWZYKGR.jpg,wood
ndZG0zzU79N8FLk.jpg,tire
ne5fJoOP70iUvLC.jpg,bundle of ropes
ne8V2KEi9tlaER2.jpg,eel fish trap
nejE2nu9lbYuiv9.jpg,eel fish trap
ngJTT73Mw1CgPPF.jpg,wood
nieN8HqpwYY22wI.jpg,wood
njLz26OJD8roQgH.jpg,wood
njcklUZJNqSqpEk.jpg,tire
nmf8SwMoxTySR1Z.jpg,wood
nobxHIp4wUz4Wkk.jpg,wood
np5RDQN4BFBUw1a.jpg,tire
npKHCW3IlK6EEHj.jpg,tire
nrzoPMUiNhASPuN.jpg,wood
nwmS0v54P89SAlr.jpg,spring fish trap
o0BFym0dx6wbfdi.jpg,spring fish trap
o41nZ5VJwQDETtE.jpg,spring fish trap
o62h1t5OXAuqmJs.jpg,tire
o8H4UIw2rHztgtA.jpg,tire
o8plcXty8fNHkjg.jpg,circular fish trap
o9jwOQ7XRb74jHh.jpg,tire
oAVl63utg1wHhcO.jpg,circular fish trap
oBRB0Xp77agzSsc.jpg,tire
oERbWaXIfu7aS0m.jpg,wood
oGIZp1E5VaE3WyP.jpg,rectangular fish trap
oJV0e4lR1hkUh81.jpg,fish net
oMe0f2tdnLXGpd8.jpg,eel fish trap
oNqiumLIGqt8YZy.jpg,tire
oOrUeFAUtRv1hZ0.jpg,spring fish trap
oRitmxTBq0V6rox.jpg,circular fish trap
oSLYXUXfCF9XKfN.jpg,tire
oSfjBKAXWF1eFu2.jpg,wood
oT6LR1IhnNK4VEj.jpg,wood
oW6UNS8PWZDtRHi.jpg,spring fish trap
oYAl1KGLXbnYfie.jpg,tire
oanvWrMq7aqfmf1.jpg,wood
ocqvFkWTEXUSVVZ.jpg,spring fish trap
od3UMGHXUW53t2M.jpg,spring fish trap
ofUmdB8sspLcB4Y.jpg,spring fish trap
oiC8KAjzM5gwAi4.jpg,tire
ojQNux7JxCOsMYP.jpg,wood
omUmsgF0B4pRNR2.jpg,tire
onxGVo0HxTt2CJS.jpg,circular fish trap
opTaWHMkhNvyuCh.jpg,tire
oqlnfEbJo7N7dXb.jpg,wood
orgXkyBWWQ2cdLB.jpg,tire
orlF6a2bIIZxVlg.jpg,tire
ov0VNHN33nuCrCG.jpg,tire
owCsq5vIxuuuhOQ.jpg,wood
owUafHHGGKulWiG.jpg,wood
oxw2NdzcFJQxsMT.jpg,wood
oyTb4tpxBg0cpsk.jpg,tire
oysFF0ebF2e7puc.jpg,wood
oz4lA7XvlVKbfwx.jpg,tire
p0Ruus0LZjaiM0X.jpg,wood
p0YHfvFir2iiEgw.jpg,wood
p2mrNCTOv74xb4x.jpg,tire
p4goTWSNviMyOsm.jpg,spring fish trap
p6hzKxizlmjrh1T.jpg,circular fish trap
p9qUqbGdR5ZlgSK.jpg,tire
p9uvg9MxWUJCdk6.jpg,bundle of ropes
pBfNQpqYjTiW6eO.jpg,bundle of ropes
pCobNJZW0ki0Fv2.jpg,eel fish trap
pD8xU6TU3y4onRy.jpg,spring fish trap
pDMInn4HkEKWtEy.jpg,tire
pEBiqPDU4xdj07E.jpg,bundle of ropes
pGhJZxnWqJzqWZl.jpg,wood
pHfcSaZwWmQLxmk.jpg,wood
pLRiRul1ld39Kln.jpg,tire
pOj25rqnnzTJQSP.jpg,circular fish trap
pZW7DArjZkMLx1P.jpg,circular fish trap
peuSH9BQBc26eB7.jpg,circular fish trap
ph2aAEioe2QzAE2.jpg,spring fish trap
pj66cwaHmV1WJtT.jpg,tire
pk0JxtZCZef2xfk.jpg,wood
pmpqaYy2hMYMrvX.jpg,bundle of ropes
pniKGl71v9jKn2w.jpg,bundle of ropes
puJTeAo0qmi7udg.jpg,bundle of ropes
pvvTUU6BfaaKoiO.jpg,wood
q2Be0lLQQjF09MY.jpg,spring fish trap
q3Q3pzURbhFYxMB.jpg,spring fish trap
q51kOLDEda4dtc3.jpg,tire
q5CxFBllbq8mmY1.jpg,eel fish trap
q5Mw7lCromOoksE.jpg,circular fish trap
q5exMZs2ttvsjUQ.jpg,fish net
q6KYJG5rDI7dTQD.jpg,wood
q9BlVPN1DuIR9NW.jpg,fish net
qARbwm0P6CDdjsJ.jpg,rope
qBwgPQkTXblLFuK.jpg,fish net
qE3KZoSZoxGrGqr.jpg,tire
qEddYYZvbhOsLXO.jpg,circular fish trap
qHlAtJLaXLRnSnS.jpg,wood
qLmbgyA3shIqRu3.jpg,circular fish trap
qM5NNOt1VO0oLZe.jpg,spring fish trap
qMmyvbBxfJOYxAB.jpg,tire
qN4jZA6LJyienco.jpg,tire
qOCBNg1lsDMxX68.jpg,wood
qQ0DATXGT9pggiY.jpg,spring fish trap
qRSS7VIuefABroW.jpg,spring fish trap
qTV7ppwnZd4Oh8R.jpg,tire
qU9Bk0EyFLxctwq.jpg,tire
qUaSZRmzJOOMSeI.jpg,fish net
qX3aTzBxxGvWssK.jpg,wood
qYweseMdjHUXfiV.jpg,bundle of ropes
qaHs9ceOobXxP27.jpg,wood
qeexHqCHCeWb2nu.jpg,wood
qfUFraSi8zIfwGZ.jpg,tire
qgt1ekxvrzEIC6q.jpg,fish net
qiZpEglwJ2zV2HW.jpg,rectangular fish trap
qjQ7vubqVgOPCqI.jpg,rectangular fish trap
qkr9e92WWhPb5cF.jpg,tire
qo1R0Qyb2wboF0E.jpg,fish net
qpV6m7fR4kO8lU3.jpg,tire
qtN3BmG2FTMbvdk.jpg,bundle of ropes
qyFlmdachmTw3Rs.jpg,tire
qzZzjezaP9pDiFz.jpg,tire
r1tqbqRdpmgrDt9.jpg,tire
r5kwB0dKnFzY2lD.jpg,spring fish trap
r5lrIOLwIw7RqwZ.jpg,tire
r6s1LL0X2EeD1FG.jpg,fish net
r7sbjay0Gn8RYe2.jpg,rectangular fish trap
r83GJvrdaCRDtPi.jpg,circular fish trap
r9JPgiif2bXKXr1.jpg,fish net
rBCZ8wCJeHtcVgv.jpg,bundle of ropes
rBGREcKNhiUkJwK.jpg,eel fish trap
rD4iED6hNIFP6hX.jpg,tire
rDo3clK2ihan9rb.jpg,tire
rEw1CxQrM8ttveU.jpg,wood
rGDmJeGHQBWOC80.jpg,spring fish trap
rGnMSBu7IPBTQjf.jpg,fish net
rNse6lGF5Kfkk4f.jpg,circular fish trap
rQQuKUHrhi7N4AH.jpg,wood
rTUVpS6U5E54LCo.jpg,rope
rTi8GVB59uLFFug.jpg,wood
rUU5DRGDPvF2QT2.jpg,tire
rVtjzg51lJbbHBZ.jpg,rope
rWHH8YzahtEm2Nw.jpg,spring fish trap
rWzaJl3NkWLNaRv.jpg,fish net
rYNjlVHJFCwdxL9.jpg,spring fish trap
rYzT7clFtURc53b.jpg,circular fish trap
rZBKkAGe74lmKKF.jpg,circular fish trap
rZqlwT5lMJuh9Uw.jpg,tire
rbIEkbMpIMar3gQ.jpg,spring fish trap
rdTHjzaUq33tOE0.jpg,eel fish trap
rgKJy81uv2R4J1A.jpg,bundle of ropes
rh3D0eWhj75hNzA.jpg,eel fish trap
rhldQvhMymLpbeW.jpg,circular fish trap
rjMHqLGMZXNrYyJ.jpg,tire
rjRAFjZPkvfNQSJ.jpg,wood
rocm2eBRgKbedq3.jpg,bundle of ropes
rprpkqEBdsU8GRO.jpg,circular fish trap
rsZ7QQSJgA2slda.jpg,bundle of ropes
rskGxWLjCqgXjT5.jpg,circular fish trap
rtNGdBg1v1Mypaa.jpg,tire
ryLNTm42JZEcKYR.jpg,fish net
rzUMtYLEYFpgq51.jpg,bundle of ropes
rzd1RPhUhcGeVmn.jpg,circular fish trap
s0pw8lu8wvZKnBB.jpg,circular fish trap
s2SVE8HAYtLDq5z.jpg,wood
s3VpiXSRT5OObrg.jpg,wood
s4wB5Ytk3YAsvgx.jpg,circular fish trap
s7bEZCawbcV9xwU.jpg,tire
s7r5vA1qXeVRlgm.jpg,spring fish trap
s9hElIAJyHX6YQA.jpg,spring fish trap
s9kPYk1opWZPLuS.jpg,wood
sDlkvfeAgQ7xlpl.jpg,tire
sFOEyg1JBa14Q2O.jpg,circular fish trap
sIBlqagjyxRkafD.jpg,wood
sIuXYYUpPjUReoC.jpg,tire
sLGpCiUM3Sq474N.jpg,tire
sMqCc5Fxi2V4AIw.jpg,circular fish trap
sPMp3xLV7nZwu4d.jpg,circular fish trap
sQKQ24Asm2OPSaO.jpg,wood
sS5o0FF3sbHAUr3.jpg,tire
sSnaD8fnt5EYIUU.jpg,spring fish trap
sT5k6WxivBRi3zG.jpg,tire
sUxseLksVG3cIym.jpg,eel fish trap
sWQMBXU1pFGVAO6.jpg,tire
sdXV1vObhPpFHfl.jpg,rectangular fish trap
sfPYqJgPxtytqs6.jpg,tire
sfQc58bOWN3kCBo.jpg,rope
sgdkoU0PGZFGR0G.jpg,spring fish trap
siHSbuml81aARX0.jpg,fish net
sitAntgmkthhq22.jpg,circular fish trap
skWvImWuiHfzaAx.jpg,bundle of ropes
sn4XWnZCO759rhT.jpg,circular fish trap
spCcfWzzreEs7do.jpg,tire
spyQwK3uzeQRKt5.jpg,wood
sqezZwrqIBuVsBO.jpg,rope
srST6WUUP1Za36Z.jpg,rope
srU3Npjjh4ZibEN.jpg,spring fish trap
srw2PLNiYpx3VgZ.jpg,spring fish trap
suX6yvoGiqktDTW.jpg,tire
swv9NXvjJKVJwbE.jpg,tire
t1ruopyVw2G6dD7.jpg,tire
t3ZtHIMX1cBatpX.jpg,tire
t4wcdiFcv5YrqSL.jpg,spring fish trap
t4xfjZK2jQpeLIL.jpg,spring fish trap
t6lTJsTFoh3nuCB.jpg,tire
t94ldGHKrC4dHnj.jpg,fish net
tA9X6Qt0k0frnuu.jpg,bundle of ropes
tAGfwrCpvn3Y0HB.jpg,wood
tEEToFfHmiyQmjx.jpg,spring fish trap
tEHDHMTQvLJv3Mm.jpg,rope
tEgd8tFFdM6cyXl.jpg,tire
tEoMYs4PtZxedIr.jpg,tire
tF8aavXvDUBAic4.jpg,spring fish trap
tH62YG58xIUiO1R.jpg,rectangular fish trap
tHc8pMZaaztd4oZ.jpg,rope
tI3QKwPe2hVMmk1.jpg,spring fish trap
tJ9BOZg7vQmFyJh.jpg,eel fish trap
tKeC2PF4xzrMk5V.jpg,bundle of ropes
tNVmJo6GhZTWjKB.jpg,bundle of ropes
tOwIECK2UopJffw.jpg,spring fish trap
tPQo9nYhapWPRgH.jpg,tire
tPg06xUWjCsnI94.jpg,circular fish trap
tQ8VNOZONB44630.jpg,tire
tSZGKc4RJs1hbjO.jpg,rope
tSwmyc7OG3IWGr8.jpg,tire
tVZdr33ib5tKqrH.jpg,wood
tVlR4Vd5L5ecrqw.jpg,wood
tWcFgsCms03A2hA.jpg,rectangular fish trap
tWhEIdtzaWM0veu.jpg,tire
tXcc1jxQL8zzQlz.jpg,wood
tZxfxgMZpLu93hR.jpg,tire
ta5OWJMoDTfCyXj.jpg,tire
ta6vqO4mWxswAki.jpg,tire
tagBQfkKJ6Q90rT.jpg,spring fish trap
tbRX9RvHLUiLdcC.jpg,tire
tc1FWch448zpWy1.jpg,circular fish trap
tdxGvK5eYB6QpLe.jpg,tire
teWfik5DNoRLaC2.jpg,tire
teloTQUZz9P3Oh1.jpg,tire
tfC7nlb5H1zfLnA.jpg,fish net
tfyYDVsa8As6KgR.jpg,tire
tjJAwlnIaNhHArv.jpg,circular fish trap
tmB6ITSiNFJdXUS.jpg,fish net
tnam8YbxVsZtTmd.jpg,tire
tu5qMl4NH2euIeD.jpg,tire
tuYLAN4Id6HrDki.jpg,wood
tutxrhwWq0OpE70.jpg,wood
tvXrkULqm1vGOf6.jpg,circular fish trap
tviMEKdnCTEB39F.jpg,spring fish trap
txhb6ynNYihz2RS.jpg,spring fish trap
u02dhVfZZorh6Fj.jpg,wood
u0876EzPhZJYFBB.jpg,tire
u0J2GXQPiLfDhQb.jpg,tire
u0LUl3bUjgkJyx8.jpg,bundle of ropes
u0ke7umExddTt1Q.jpg,wood
u45ogdWKY2pVPPs.jpg,tire
u4S84Y0GJWIKjr7.jpg,wood
u58UKianpY1jE9k.jpg,spring fish trap
u9dk2d9ggTrrNzy.jpg,bundle of ropes
uBiQdQ2TJT86eFI.jpg,wood
uD6n5DgyQGbKKK0.jpg,circular fish trap
uEkAU5FQWPy2Eo9.jpg,eel fish trap
uFA1EG3glK5jbzo.jpg,fish net
uFxfU2UuUeDnDU3.jpg,eel fish trap
uKS2UJIIRATMEh5.jpg,tire
uVufgJS8cgCLYiT.jpg,wood
uYWUo2J7LrktM7c.jpg,bundle of ropes
ucJxAZO8UjKZfl3.jpg,circular fish trap
udQ2DnoyRY264Qn.jpg,eel fish trap
ufL41jCTkQWWKZP.jpg,tire
ugSR4Cws9AXNOsw.jpg,tire
ugdmDLB6smKRNkL.jpg,tire
uiXstogzW2pk9Ws.jpg,wood
ujr6xTT9642gMNn.jpg,tire
ukGvQAIeyTHAhBC.jpg,tire
up2RzmElgREPbh6.jpg,wood
uqfrI7OjysiWKR5.jpg,tire
uquZj7Xmwl76SWb.jpg,circular fish trap
usEjLcJBn1CZ9OV.jpg,wood
uvSkaKvYwmcVN2j.jpg,tire
uxZJdzd9bi3673c.jpg,wood
uxbY7BgJHLhoomy.jpg,circular fish trap
uya9qRUo1UJojIJ.jpg,fish net
uzVoSnyAodHEhui.jpg,bundle of ropes
uzq2H7LPyoLDapF.jpg,fish net
v0xKaiHeZb9G0qa.jpg,tire
v5OJHjwoPXm18bl.jpg,tire
v6xLjYzeG0YMgtn.jpg,fish net
v8lKBOyxWl2llZl.jpg,tire
v8lzSkKTqohjsnE.jpg,tire
v92Pqe4oSQP96O7.jpg,circular fish trap
vBOVTfpTlE61I3h.jpg,rope
vCpXel5B3M5xUL1.jpg,tire
vH94fwQGpMWHQF6.jpg,wood
vHGqiPuTSxmKfEh.jpg,rectangular fish trap
vJzZ3KZyY0bvtB0.jpg,tire
vLMDL24LDtyvXkg.jpg,spring fish trap
vMFHEWsA9ULgCY2.jpg,spring fish trap
vMLiPJZPh6IqAnB.jpg,spring fish trap
vMM5pQoB5QPydny.jpg,circular fish trap
vMND4ve871iCIVg.jpg,tire
vMwejgXG5PWSVhH.jpg,tire
vNemPKKXit5kBmX.jpg,wood
vP20IFGDm9A4DOr.jpg,wood
vQEFGeFfW0XUSY7.jpg,wood
vQebS23vpZMkFEl.jpg,wood
vT1wI1Zw2bp1aBA.jpg,spring fish trap
vTgMCPiNQJzFCrd.jpg,spring fish trap
vYKIpSkgLhODd7h.jpg,circular fish trap
vZyFbTs88mST7qb.jpg,wood
vbowPzUzkp5whB4.jpg,wood
vdrapNvjqC5MwLe.jpg,wood
vess0DZwNoGuxWO.jpg,tire
vg6FyUYI3053olB.jpg,wood
vhnv2psDuKqCxiQ.jpg,tire
vjAY3yDRR5LkIxw.jpg,wood
vtOlaQs2GtauZSb.jpg,tire
vvQVFGuhkcqh4Ye.jpg,tire
vw65UxETkZEA6dK.jpg,bundle of ropes
vwOqMQ8eJv8bP38.jpg,tire
vy7U6nomj82QFcA.jpg,wood
w0oX3APvXI4FPWK.jpg,wood
w14rWjFns28kp5d.jpg,tire
w1ge2pVS5IniZMB.jpg,tire
w2YaqN1KjdkYLir.jpg,circular fish trap
w3kg5f1eSFZqJfX.jpg,spring fish trap
w3qWs0JjbwgyKzB.jpg,spring fish trap
w44uBh9idfQpQGi.jpg,tire
w5tVyzkajnR3uT6.jpg,tire
w6lTipXE0tDgxEx.jpg,eel fish trap
wBU26TQqnaJT6kJ.jpg,circular fish trap
wCFYWuO5vgDG5SX.jpg,bundle of ropes
wHivLpYOts85vn2.jpg,eel fish trap
wHvMqU35snGE6Ur.jpg,tire
wJBbNQuPNQJL80h.jpg,tire
wKK9Wj8Anvd4Bq9.jpg,tire
wMGUvMLnnEmE5FE.jpg,wood
wNkmvD3DDxHqUBj.jpg,wood
wOY4S5l89JzoAK1.jpg,bundle of ropes
wSfK2CVL8McuDas.jpg,bundle of ropes
wU8C2uEzpDDOS0J.jpg,fish net
wUy5aSkMK31tyVa.jpg,fish net
wXdHv7U50gIOtAs.jpg,fish net
wZ9avl0UwwGz3wX.jpg,tire
wZgddK1fFx0qRGR.jpg,spring fish trap
wbGPmIAjK1PX7VH.jpg,wood
wbT7ZyBy135BAQB.jpg,wood
wdUee4LAfWg2X2N.jpg,rope
wfKw8j9Yptb7Cq2.jpg,wood
wm3WGnbPDMOofCu.jpg,tire
wmsBrgeWLo6Jk48.jpg,tire
wnHZYhQsyvVO6fl.jpg,circular fish trap
woTv9SLTlba8hid.jpg,tire
wpdvsYsgXAPJVsx.jpg,fish net
wq766PjzzKXMvRC.jpg,tire
wr50JXOiIwgfzUj.jpg,wood
wsRCohVrDOTccOm.jpg,bundle of ropes
wsf2GYntmJPJubj.jpg,wood
wvFEdsTAydrgCka.jpg,wood
wvSXnlI6R6OzGFK.jpg,spring fish trap
wveWhwY2xvJRHGR.jpg,tire
wz5nWMq15qjNuRg.jpg,wood
x2QzKIHfCZl8MdX.jpg,wood
x2bkbT08neVywaG.jpg,spring fish trap
x3574XBT7lr8Foq.jpg,wood
x6sMNpNuq7SiI85.jpg,eel fish trap
x79f0v2MGvbAcGL.jpg,wood
x8YchXW2mmELMHk.jpg,eel fish trap
xAeMIjiZ05hlRsp.jpg,eel fish trap
xDd2wtjETikMdHK.jpg,circular fish trap
xDrDnw9gOQkDRry.jpg,wood
xEhSDph8HUXPhz4.jpg,spring fish trap
xFEA1P2u5EA7uLU.jpg,wood
xG4JKCkjyUSPTBl.jpg,tire
xMHJadLRk63zuLt.jpg,spring fish trap
xMV6nRngnAFV6En.jpg,tire
xO5ISX2R1mZpFMh.jpg,rope
xRlid3SrszgbpkD.jpg,spring fish trap
xU9pPZqcYQnFYj0.jpg,bundle of ropes
xWKlzDn95v2W8f2.jpg,wood
xX9FC4pI9a5ZQX1.jpg,wood
xXdfS2LwmZPMYjj.jpg,bundle of ropes
xZYybK6kLuFcYFH.jpg,tire
xbcw5RrJv20NtT3.jpg,tire
xcXcBayYmzbDefo.jpg,circular fish trap
xeUbtdWvLRvscUF.jpg,eel fish trap
xgOBI8ALwz9Hrk8.jpg,tire
xh6xIb8cNmIIKng.jpg,tire
xhN7oksexC2YmHk.jpg,spring fish trap
xplQIYpwkjH9bNe.jpg,tire
xqfJPANcPkc3xZ0.jpg,circular fish trap
xt2DzfPHKGsM8fq.jpg,tire
xwMDdqnXkBVvbky.jpg,tire
y0RjpIrl88gKLjB.jpg,tire
y3A9BJdTSrbi8zv.jpg,spring fish trap
y3ZbGw5Lc28GBCH.jpg,spring fish trap
y3ceGd2IinguMx1.jpg,spring fish trap
y56rex4DcnkKilv.jpg,wood
y5wPP1jlhBaef9X.jpg,spring fish trap
y6FY3RuTgeesuCS.jpg,wood
y7uO9bBY2Sa3O1V.jpg,tire
yAjV7YFc7BQ89av.jpg,spring fish trap
yAv1u9pvUcmUYQf.jpg,tire
yFFzJdTXGKfKrLG.jpg,spring fish trap
yFtVapqYLiFsYxb.jpg,rectangular fish trap
yG5fHepve39ZJTw.jpg,circular fish trap
yJy5eASru7a4aXZ.jpg,rectangular fish trap
yKzTysrta9F26sc.jpg,tire
yLwYTs5bsEHVgG5.jpg,tire
yM1VqqkAapQjthD.jpg,circular fish trap
yM5nP17mx1CWUcL.jpg,wood
ySKzDydp8crxFdn.jpg,circular fish trap
yVWumGS1W7rHkJv.jpg,spring fish trap
yVpO78iWhQNo2yM.jpg,rope
yVs0ERQRw7SziA1.jpg,rope
yYefkvGEAUV5dJ6.jpg,rope
yZjv1w7qX8lqGtA.jpg,tire
yaEmdVRmNacgLAE.jpg,eel fish trap
yfTZmhIYAihG5Gq.jpg,tire
ygThnuorwctUjSN.jpg,circular fish trap
ykfc9KJKLYnDLRA.jpg,tire
ykvhAMzwK4leHiM.jpg,tire
ylFWMjd1SmkGe2C.jpg,eel fish trap
yoRB4ssgEj1VMCR.jpg,wood
yqM270QBbG9VZBh.jpg,wood
yt8CylRfu2SpUrv.jpg,spring fish trap
ytuOBoqMsOcvgUA.jpg,rope
ywthgykHxgEr2bn.jpg,wood
ywweuz6QzPCh7Tt.jpg,tire
yxBqQiLzC0sRgO9.jpg,tire
yy2dmuN9KLZPr0j.jpg,tire
z6LIZTGlIk04lCD.jpg,rope
z7OdkzHEl02AigC.jpg,tire
z7yIPVugD21SC5M.jpg,spring fish trap
z8RiJ1k6JakCX9Z.jpg,bundle of ropes
zC9dHTebNWyb3X4.jpg,tire
zDGlgf2LS1WhGH7.jpg,wood
zFgChrgx4h8VYC1.jpg,bundle of ropes
zLIpFGFCgiK8wtL.jpg,tire
zOzaBYVeDIHmva9.jpg,spring fish trap
zXlU1Z2TvGJ7gpq.jpg,wood
zYdRdeAKug6C1dn.jpg,circular fish trap
zcUqja8F73O2VnK.jpg,circular fish trap
zeToZq4ueGlKRLb.jpg,circular fish trap
zg7W1tMW3MwbQix.jpg,tire
zgZGHmA8TgwkRMe.jpg,wood
zgreI945Oofnpxz.jpg,wood
zibq3vNl0z0ndIX.jpg,rope
zksSs5W45qA19yE.jpg,bundle of ropes
znJGMeDhmV6qzLG.jpg,wood
znSynZ29f0SwVT2.jpg,spring fish trap
zuVNKDjeSg3WuTt.jpg,tire
zvwDjTgaJDZYfJP.jpg,eel fish trap
zwRtBeE2MleKS32.jpg,eel fish trap
zxk4MJNGkZH1elO.jpg,tire
zy3OhSqhnpW5g18.jpg,spring fish trap
